clean_prompt,clean_gt_answer,corrupted_prompt,corrupted_gt_answer,clean_operand1,clean_operand2,corrupted_operand1,corrupted_operand2
Jack has 9 apples. Their friend gives them 1 more apples. How many apples does Jack have now?,10,Jack has 49 apples. Their friend gives them 18 more apples. How many apples does Jack have now?,67,9,1,49,18
Jack has 17 apples. Their friend gives them 8 more apples. How many apples does Jack have now?,25,Jack has 10 apples. Their friend gives them 2 more apples. How many apples does Jack have now?,12,17,8,10,2
Chloe picks 49 oranges. They find 35 more oranges on the ground. How many oranges does Chloe have now?,84,Chloe picks 7 oranges. They find 5 more oranges on the ground. How many oranges does Chloe have now?,12,49,35,7,5
Chloe picks 29 oranges. They find 2 more oranges on the ground. How many oranges does Chloe have now?,31,Chloe picks 3 oranges. They find 1 more oranges on the ground. How many oranges does Chloe have now?,4,29,2,3,1
Henry buys 16 bananas. The cashier gives them 9 extra bananas. How many bananas does Henry have now?,25,Henry buys 40 bananas. The cashier gives them 2 extra bananas. How many bananas does Henry have now?,42,16,9,40,2
Henry buys 37 bananas. The cashier gives them 13 extra bananas. How many bananas does Henry have now?,50,Henry buys 47 bananas. The cashier gives them 42 extra bananas. How many bananas does Henry have now?,89,37,13,47,42
Lucas grows 36 strawberries. 27 more strawberries ripen overnight. How many strawberries does Lucas have now?,63,Lucas grows 39 strawberries. 18 more strawberries ripen overnight. How many strawberries does Lucas have now?,57,36,27,39,18
Lucas grows 46 strawberries. 28 more strawberries ripen overnight. How many strawberries does Lucas have now?,74,Lucas grows 23 strawberries. 9 more strawberries ripen overnight. How many strawberries does Lucas have now?,32,46,28,23,9
Benjamin collects 15 mangoes. Their neighbor shares 13 more mangoes. How many mangoes does Benjamin have now?,28,Benjamin collects 23 mangoes. Their neighbor shares 4 more mangoes. How many mangoes does Benjamin have now?,27,15,13,23,4
Benjamin collects 7 mangoes. Their neighbor shares 4 more mangoes. How many mangoes does Benjamin have now?,11,Benjamin collects 8 mangoes. Their neighbor shares 3 more mangoes. How many mangoes does Benjamin have now?,11,7,4,8,3
Nora has 24 pencils. The teacher distributes 20 more pencils. How many pencils does Nora have now?,44,Nora has 18 pencils. The teacher distributes 2 more pencils. How many pencils does Nora have now?,20,24,20,18,2
Nora has 48 pencils. The teacher distributes 30 more pencils. How many pencils does Nora have now?,78,Nora has 36 pencils. The teacher distributes 8 more pencils. How many pencils does Nora have now?,44,48,30,36,8
Isla brings 26 notebooks to class. A classmate gives them 3 more notebooks. How many notebooks does Isla have now?,29,Isla brings 37 notebooks to class. A classmate gives them 19 more notebooks. How many notebooks does Isla have now?,56,26,3,37,19
Isla brings 42 notebooks to class. A classmate gives them 40 more notebooks. How many notebooks does Isla have now?,82,Isla brings 25 notebooks to class. A classmate gives them 19 more notebooks. How many notebooks does Isla have now?,44,42,40,25,19
Henry finds 47 erasers in their desk. They discover 5 more erasers in their bag. How many erasers does Henry have now?,52,Henry finds 4 erasers in their desk. They discover 3 more erasers in their bag. How many erasers does Henry have now?,7,47,5,4,3
Henry finds 16 erasers in their desk. They discover 13 more erasers in their bag. How many erasers does Henry have now?,29,Henry finds 20 erasers in their desk. They discover 3 more erasers in their bag. How many erasers does Henry have now?,23,16,13,20,3
Nora has 16 markers. Their art teacher adds 14 more markers to their collection. How many markers does Nora have now?,30,Nora has 19 markers. Their art teacher adds 15 more markers to their collection. How many markers does Nora have now?,34,16,14,19,15
Nora has 42 markers. Their art teacher adds 24 more markers to their collection. How many markers does Nora have now?,66,Nora has 24 markers. Their art teacher adds 7 more markers to their collection. How many markers does Nora have now?,31,42,24,24,7
Chloe receives 19 stickers for good behavior. The principal awards them 3 more stickers. How many stickers does Chloe have now?,22,Chloe receives 40 stickers for good behavior. The principal awards them 11 more stickers. How many stickers does Chloe have now?,51,19,3,40,11
Chloe receives 36 stickers for good behavior. The principal awards them 16 more stickers. How many stickers does Chloe have now?,52,Chloe receives 12 stickers for good behavior. The principal awards them 8 more stickers. How many stickers does Chloe have now?,20,36,16,12,8
Jacob owns 19 toy cars. Their birthday gifts include 18 more toy cars. How many toy cars does Jacob have now?,37,Jacob owns 16 toy cars. Their birthday gifts include 11 more toy cars. How many toy cars does Jacob have now?,27,19,18,16,11
Jacob owns 22 toy cars. Their birthday gifts include 2 more toy cars. How many toy cars does Jacob have now?,24,Jacob owns 27 toy cars. Their birthday gifts include 9 more toy cars. How many toy cars does Jacob have now?,36,22,2,27,9
William has 15 building blocks. Their sibling contributes 10 more blocks to their tower. How many blocks does William have now?,25,William has 47 building blocks. Their sibling contributes 21 more blocks to their tower. How many blocks does William have now?,68,15,10,47,21
William has 15 building blocks. Their sibling contributes 11 more blocks to their tower. How many blocks does William have now?,26,William has 33 building blocks. Their sibling contributes 26 more blocks to their tower. How many blocks does William have now?,59,15,11,33,26
Nathan collects 43 action figures. A new series releases 30 more figures. How many action figures does Nathan have now?,73,Nathan collects 11 action figures. A new series releases 5 more figures. How many action figures does Nathan have now?,16,43,30,11,5
Nathan collects 10 action figures. A new series releases 4 more figures. How many action figures does Nathan have now?,14,Nathan collects 49 action figures. A new series releases 36 more figures. How many action figures does Nathan have now?,85,10,4,49,36
Grace has 18 board games. Their family acquires 14 more board games. How many board games does Grace have now?,32,Grace has 39 board games. Their family acquires 26 more board games. How many board games does Grace have now?,65,18,14,39,26
Grace has 25 board games. Their family acquires 8 more board games. How many board games does Grace have now?,33,Grace has 10 board games. Their family acquires 9 more board games. How many board games does Grace have now?,19,25,8,10,9
Lily owns 7 stuffed animals. A relative sends them 1 more stuffed animals. How many stuffed animals does Lily have now?,8,Lily owns 9 stuffed animals. A relative sends them 3 more stuffed animals. How many stuffed animals does Lily have now?,12,7,1,9,3
Lily owns 42 stuffed animals. A relative sends them 11 more stuffed animals. How many stuffed animals does Lily have now?,53,Lily owns 45 stuffed animals. A relative sends them 28 more stuffed animals. How many stuffed animals does Lily have now?,73,42,11,45,28
Ella finds 6 seashells at the beach. The next day they find 4 more seashells. How many seashells does Ella have now?,10,Ella finds 26 seashells at the beach. The next day they find 20 more seashells. How many seashells does Ella have now?,46,6,4,26,20
Ella finds 31 seashells at the beach. The next day they find 17 more seashells. How many seashells does Ella have now?,48,Ella finds 18 seashells at the beach. The next day they find 1 more seashells. How many seashells does Ella have now?,19,31,17,18,1
"Chloe counts 48 birds in the morning. By afternoon, 8 more birds arrive. How many birds does Chloe see now?",56,"Chloe counts 45 birds in the morning. By afternoon, 35 more birds arrive. How many birds does Chloe see now?",80,48,8,45,35
"Chloe counts 50 birds in the morning. By afternoon, 18 more birds arrive. How many birds does Chloe see now?",68,"Chloe counts 43 birds in the morning. By afternoon, 22 more birds arrive. How many birds does Chloe see now?",65,50,18,43,22
"Olivia plants 20 flowers. After a week, 14 more flowers bloom. How many flowers does Olivia have now?",34,"Olivia plants 34 flowers. After a week, 12 more flowers bloom. How many flowers does Olivia have now?",46,20,14,34,12
"Olivia plants 34 flowers. After a week, 7 more flowers bloom. How many flowers does Olivia have now?",41,"Olivia plants 42 flowers. After a week, 20 more flowers bloom. How many flowers does Olivia have now?",62,34,7,42,20
Matthew catches 42 fireflies. Their jar attracts 33 more fireflies. How many fireflies does Matthew have now?,75,Matthew catches 40 fireflies. Their jar attracts 13 more fireflies. How many fireflies does Matthew have now?,53,42,33,40,13
Matthew catches 11 fireflies. Their jar attracts 6 more fireflies. How many fireflies does Matthew have now?,17,Matthew catches 50 fireflies. Their jar attracts 11 more fireflies. How many fireflies does Matthew have now?,61,11,6,50,11
Grace collects 35 acorns. Their friend finds 1 more acorns for them. How many acorns does Grace have now?,36,Grace collects 40 acorns. Their friend finds 21 more acorns for them. How many acorns does Grace have now?,61,35,1,40,21
Grace collects 33 acorns. Their friend finds 2 more acorns for them. How many acorns does Grace have now?,35,Grace collects 9 acorns. Their friend finds 6 more acorns for them. How many acorns does Grace have now?,15,33,2,9,6
Nathan bakes 21 cookies. Their sibling helps bake 8 more cookies. How many cookies does Nathan have now?,29,Nathan bakes 5 cookies. Their sibling helps bake 2 more cookies. How many cookies does Nathan have now?,7,21,8,5,2
Nathan bakes 38 cookies. Their sibling helps bake 6 more cookies. How many cookies does Nathan have now?,44,Nathan bakes 7 cookies. Their sibling helps bake 6 more cookies. How many cookies does Nathan have now?,13,38,6,7,6
Lily buys 6 donuts. The bakery throws in 5 extra donuts. How many donuts does Lily have now?,11,Lily buys 10 donuts. The bakery throws in 3 extra donuts. How many donuts does Lily have now?,13,6,5,10,3
Lily buys 44 donuts. The bakery throws in 31 extra donuts. How many donuts does Lily have now?,75,Lily buys 37 donuts. The bakery throws in 11 extra donuts. How many donuts does Lily have now?,48,44,31,37,11
Alexander makes 35 sandwiches. Their parent makes 28 additional sandwiches. How many sandwiches does Alexander have now?,63,Alexander makes 15 sandwiches. Their parent makes 9 additional sandwiches. How many sandwiches does Alexander have now?,24,35,28,15,9
Alexander makes 50 sandwiches. Their parent makes 47 additional sandwiches. How many sandwiches does Alexander have now?,97,Alexander makes 46 sandwiches. Their parent makes 13 additional sandwiches. How many sandwiches does Alexander have now?,59,50,47,46,13
Lucas has 21 candies in their bag. Their teacher gives them 13 more candies. How many candies does Lucas have now?,34,Lucas has 44 candies in their bag. Their teacher gives them 42 more candies. How many candies does Lucas have now?,86,21,13,44,42
Lucas has 25 candies in their bag. Their teacher gives them 15 more candies. How many candies does Lucas have now?,40,Lucas has 35 candies in their bag. Their teacher gives them 29 more candies. How many candies does Lucas have now?,64,25,15,35,29
Olivia buys 39 juice boxes. The store adds 15 bonus juice boxes. How many juice boxes does Olivia have now?,54,Olivia buys 47 juice boxes. The store adds 41 bonus juice boxes. How many juice boxes does Olivia have now?,88,39,15,47,41
Olivia buys 6 juice boxes. The store adds 1 bonus juice boxes. How many juice boxes does Olivia have now?,7,Olivia buys 23 juice boxes. The store adds 3 bonus juice boxes. How many juice boxes does Olivia have now?,26,6,1,23,3
Michael has 17 baseballs. Their coach provides 9 more baseballs. How many baseballs does Michael have now?,26,Michael has 44 baseballs. Their coach provides 32 more baseballs. How many baseballs does Michael have now?,76,17,9,44,32
Michael has 10 baseballs. Their coach provides 8 more baseballs. How many baseballs does Michael have now?,18,Michael has 17 baseballs. Their coach provides 16 more baseballs. How many baseballs does Michael have now?,33,10,8,17,16
Zoe owns 28 tennis balls. The club gives them 7 new tennis balls. How many tennis balls does Zoe have now?,35,Zoe owns 8 tennis balls. The club gives them 1 new tennis balls. How many tennis balls does Zoe have now?,9,28,7,8,1
Zoe owns 44 tennis balls. The club gives them 28 new tennis balls. How many tennis balls does Zoe have now?,72,Zoe owns 24 tennis balls. The club gives them 14 new tennis balls. How many tennis balls does Zoe have now?,38,44,28,24,14
Mia has 31 basketballs. Their team receives 28 additional basketballs. How many basketballs does Mia have now?,59,Mia has 48 basketballs. Their team receives 4 additional basketballs. How many basketballs does Mia have now?,52,31,28,48,4
Mia has 45 basketballs. Their team receives 42 additional basketballs. How many basketballs does Mia have now?,87,Mia has 43 basketballs. Their team receives 7 additional basketballs. How many basketballs does Mia have now?,50,45,42,43,7
Emma brings 27 soccer balls to practice. The league contributes 24 more soccer balls. How many soccer balls does Emma have now?,51,Emma brings 17 soccer balls to practice. The league contributes 7 more soccer balls. How many soccer balls does Emma have now?,24,27,24,17,7
Emma brings 14 soccer balls to practice. The league contributes 9 more soccer balls. How many soccer balls does Emma have now?,23,Emma brings 30 soccer balls to practice. The league contributes 5 more soccer balls. How many soccer balls does Emma have now?,35,14,9,30,5
Mia has 13 hockey pucks. Their teammate shares 5 more hockey pucks. How many hockey pucks does Mia have now?,18,Mia has 31 hockey pucks. Their teammate shares 8 more hockey pucks. How many hockey pucks does Mia have now?,39,13,5,31,8
Mia has 37 hockey pucks. Their teammate shares 7 more hockey pucks. How many hockey pucks does Mia have now?,44,Mia has 5 hockey pucks. Their teammate shares 1 more hockey pucks. How many hockey pucks does Mia have now?,6,37,7,5,1
William has 50 crayons. Their art set includes 16 more crayons. How many crayons does William have now?,66,William has 12 crayons. Their art set includes 7 more crayons. How many crayons does William have now?,19,50,16,12,7
William has 33 crayons. Their art set includes 31 more crayons. How many crayons does William have now?,64,William has 15 crayons. Their art set includes 14 more crayons. How many crayons does William have now?,29,33,31,15,14
Jacob owns 26 paintbrushes. Their teacher gives them 1 new paintbrushes. How many paintbrushes does Jacob have now?,27,Jacob owns 26 paintbrushes. Their teacher gives them 9 new paintbrushes. How many paintbrushes does Jacob have now?,35,26,1,26,9
Jacob owns 31 paintbrushes. Their teacher gives them 10 new paintbrushes. How many paintbrushes does Jacob have now?,41,Jacob owns 29 paintbrushes. Their teacher gives them 23 new paintbrushes. How many paintbrushes does Jacob have now?,52,31,10,29,23
Harper has 37 sketchbooks. Their parents buy them 32 more sketchbooks. How many sketchbooks does Harper have now?,69,Harper has 11 sketchbooks. Their parents buy them 4 more sketchbooks. How many sketchbooks does Harper have now?,15,37,32,11,4
Harper has 20 sketchbooks. Their parents buy them 7 more sketchbooks. How many sketchbooks does Harper have now?,27,Harper has 49 sketchbooks. Their parents buy them 21 more sketchbooks. How many sketchbooks does Harper have now?,70,20,7,49,21
Emma collects 5 colored pencils. A new set contains 4 more colored pencils. How many colored pencils does Emma have now?,9,Emma collects 34 colored pencils. A new set contains 11 more colored pencils. How many colored pencils does Emma have now?,45,5,4,34,11
Emma collects 13 colored pencils. A new set contains 2 more colored pencils. How many colored pencils does Emma have now?,15,Emma collects 40 colored pencils. A new set contains 5 more colored pencils. How many colored pencils does Emma have now?,45,13,2,40,5
Chloe has 17 clay pots. Their art class makes 13 additional clay pots. How many clay pots does Chloe have now?,30,Chloe has 9 clay pots. Their art class makes 4 additional clay pots. How many clay pots does Chloe have now?,13,17,13,9,4
Chloe has 39 clay pots. Their art class makes 3 additional clay pots. How many clay pots does Chloe have now?,42,Chloe has 41 clay pots. Their art class makes 6 additional clay pots. How many clay pots does Chloe have now?,47,39,3,41,6
Mia has 44 storybooks. The library lends them 38 more storybooks. How many storybooks does Mia have now?,82,Mia has 38 storybooks. The library lends them 34 more storybooks. How many storybooks does Mia have now?,72,44,38,38,34
Mia has 22 storybooks. The library lends them 9 more storybooks. How many storybooks does Mia have now?,31,Mia has 27 storybooks. The library lends them 5 more storybooks. How many storybooks does Mia have now?,32,22,9,27,5
Chloe owns 43 comic books. A friend gives them 20 more comic books. How many comic books does Chloe have now?,63,Chloe owns 31 comic books. A friend gives them 11 more comic books. How many comic books does Chloe have now?,42,43,20,31,11
Chloe owns 50 comic books. A friend gives them 5 more comic books. How many comic books does Chloe have now?,55,Chloe owns 41 comic books. A friend gives them 37 more comic books. How many comic books does Chloe have now?,78,50,5,41,37
Olivia collects 18 magazines. Their subscription delivers 5 new magazines. How many magazines does Olivia have now?,23,Olivia collects 24 magazines. Their subscription delivers 3 new magazines. How many magazines does Olivia have now?,27,18,5,24,3
Olivia collects 17 magazines. Their subscription delivers 12 new magazines. How many magazines does Olivia have now?,29,Olivia collects 20 magazines. Their subscription delivers 6 new magazines. How many magazines does Olivia have now?,26,17,12,20,6
Daniel has 36 picture books. Their relative sends 20 more picture books. How many picture books does Daniel have now?,56,Daniel has 41 picture books. Their relative sends 34 more picture books. How many picture books does Daniel have now?,75,36,20,41,34
Daniel has 44 picture books. Their relative sends 7 more picture books. How many picture books does Daniel have now?,51,Daniel has 9 picture books. Their relative sends 2 more picture books. How many picture books does Daniel have now?,11,44,7,9,2
Harper reads 37 chapter books. Their school provides 10 additional chapter books. How many chapter books does Harper have now?,47,Harper reads 19 chapter books. Their school provides 10 additional chapter books. How many chapter books does Harper have now?,29,37,10,19,10
Harper reads 40 chapter books. Their school provides 14 additional chapter books. How many chapter books does Harper have now?,54,Harper reads 47 chapter books. Their school provides 22 additional chapter books. How many chapter books does Harper have now?,69,40,14,47,22
Henry has 45 t-shirts. Their laundry includes 41 more t-shirts. How many t-shirts does Henry have now?,86,Henry has 18 t-shirts. Their laundry includes 17 more t-shirts. How many t-shirts does Henry have now?,35,45,41,18,17
Henry has 33 t-shirts. Their laundry includes 17 more t-shirts. How many t-shirts does Henry have now?,50,Henry has 42 t-shirts. Their laundry includes 28 more t-shirts. How many t-shirts does Henry have now?,70,33,17,42,28
Matthew owns 19 pairs of socks. Their package contains 2 extra pairs of socks. How many pairs of socks does Matthew have now?,21,Matthew owns 37 pairs of socks. Their package contains 28 extra pairs of socks. How many pairs of socks does Matthew have now?,65,19,2,37,28
Matthew owns 37 pairs of socks. Their package contains 1 extra pairs of socks. How many pairs of socks does Matthew have now?,38,Matthew owns 46 pairs of socks. Their package contains 10 extra pairs of socks. How many pairs of socks does Matthew have now?,56,37,1,46,10
Grace has 39 hats. Their collection grows by 36 more hats. How many hats does Grace have now?,75,Grace has 11 hats. Their collection grows by 7 more hats. How many hats does Grace have now?,18,39,36,11,7
Grace has 10 hats. Their collection grows by 1 more hats. How many hats does Grace have now?,11,Grace has 21 hats. Their collection grows by 12 more hats. How many hats does Grace have now?,33,10,1,21,12
Nathan wears 17 jackets. Their closet stores 4 additional jackets. How many jackets does Nathan have now?,21,Nathan wears 24 jackets. Their closet stores 18 additional jackets. How many jackets does Nathan have now?,42,17,4,24,18
Nathan wears 28 jackets. Their closet stores 20 additional jackets. How many jackets does Nathan have now?,48,Nathan wears 49 jackets. Their closet stores 10 additional jackets. How many jackets does Nathan have now?,59,28,20,49,10
Isla has 17 pairs of shoes. Their family buys them 6 more pairs of shoes. How many pairs of shoes does Isla have now?,23,Isla has 13 pairs of shoes. Their family buys them 7 more pairs of shoes. How many pairs of shoes does Isla have now?,20,17,6,13,7
Isla has 49 pairs of shoes. Their family buys them 22 more pairs of shoes. How many pairs of shoes does Isla have now?,71,Isla has 28 pairs of shoes. Their family buys them 26 more pairs of shoes. How many pairs of shoes does Isla have now?,54,49,22,28,26
Chloe saves 49 coins. Their piggybank gains 16 more coins. How many coins does Chloe have now?,65,Chloe saves 19 coins. Their piggybank gains 6 more coins. How many coins does Chloe have now?,25,49,16,19,6
Chloe saves 46 coins. Their piggybank gains 7 more coins. How many coins does Chloe have now?,53,Chloe saves 26 coins. Their piggybank gains 2 more coins. How many coins does Chloe have now?,28,46,7,26,2
Nora has 32 keys on their keychain. They add 8 more keys. How many keys does Nora have now?,40,Nora has 14 keys on their keychain. They add 8 more keys. How many keys does Nora have now?,22,32,8,14,8
Nora has 24 keys on their keychain. They add 10 more keys. How many keys does Nora have now?,34,Nora has 16 keys on their keychain. They add 4 more keys. How many keys does Nora have now?,20,24,10,16,4
James collects 44 bottle caps. Their friend contributes 13 more bottle caps. How many bottle caps does James have now?,57,James collects 27 bottle caps. Their friend contributes 11 more bottle caps. How many bottle caps does James have now?,38,44,13,27,11
James collects 19 bottle caps. Their friend contributes 12 more bottle caps. How many bottle caps does James have now?,31,James collects 43 bottle caps. Their friend contributes 33 more bottle caps. How many bottle caps does James have now?,76,19,12,43,33
Jacob has 23 photos in their album. They print 1 more photos. How many photos does Jacob have now?,24,Jacob has 9 photos in their album. They print 5 more photos. How many photos does Jacob have now?,14,23,1,9,5
Jacob has 13 photos in their album. They print 10 more photos. How many photos does Jacob have now?,23,Jacob has 8 photos in their album. They print 5 more photos. How many photos does Jacob have now?,13,13,10,8,5
Mia owns 24 video games. The store delivers 11 new video games. How many video games does Mia have now?,35,Mia owns 29 video games. The store delivers 20 new video games. How many video games does Mia have now?,49,24,11,29,20
Mia owns 34 video games. The store delivers 8 new video games. How many video games does Mia have now?,42,Mia owns 26 video games. The store delivers 19 new video games. How many video games does Mia have now?,45,34,8,26,19
Henry has 47 minutes to complete a task. The supervisor grants 28 additional minutes. What is the new total time?,75,Henry has 25 minutes to complete a task. The supervisor grants 14 additional minutes. What is the new total time?,39,47,28,25,14
Henry has 41 minutes to complete a task. The supervisor grants 21 additional minutes. What is the new total time?,62,Henry has 44 minutes to complete a task. The supervisor grants 8 additional minutes. What is the new total time?,52,41,21,44,8
The concert starts in 21 minutes. Harper's commute takes 17 minutes longer than expected. What is the adjusted arrival time?,38,The concert starts in 21 minutes. Harper's commute takes 14 minutes longer than expected. What is the adjusted arrival time?,35,21,17,21,14
The concert starts in 22 minutes. Harper's commute takes 13 minutes longer than expected. What is the adjusted arrival time?,35,The concert starts in 46 minutes. Harper's commute takes 19 minutes longer than expected. What is the adjusted arrival time?,65,22,13,46,19
Grace's meeting lasts 28 minutes. The agenda extends it by 22 minutes. What is the new duration?,50,Grace's meeting lasts 26 minutes. The agenda extends it by 22 minutes. What is the new duration?,48,28,22,26,22
Grace's meeting lasts 49 minutes. The agenda extends it by 12 minutes. What is the new duration?,61,Grace's meeting lasts 21 minutes. The agenda extends it by 10 minutes. What is the new duration?,31,49,12,21,10
The flight duration is 29 hours. The pilot adds 26 hours due to weather. What is the new total flight time?,55,The flight duration is 39 hours. The pilot adds 21 hours due to weather. What is the new total flight time?,60,29,26,39,21
The flight duration is 31 hours. The pilot adds 15 hours due to weather. What is the new total flight time?,46,The flight duration is 30 hours. The pilot adds 22 hours due to weather. What is the new total flight time?,52,31,15,30,22
Henry practices piano for 34 minutes daily. Today they added 31 extra minutes. What was the total practice time?,65,Henry practices piano for 49 minutes daily. Today they added 11 extra minutes. What was the total practice time?,60,34,31,49,11
Henry practices piano for 44 minutes daily. Today they added 6 extra minutes. What was the total practice time?,50,Henry practices piano for 20 minutes daily. Today they added 17 extra minutes. What was the total practice time?,37,44,6,20,17
Chloe's account shows 45 dollars. A deposit of 20 dollars is added. What is the new balance?,65,Chloe's account shows 14 dollars. A deposit of 3 dollars is added. What is the new balance?,17,45,20,14,3
Chloe's account shows 41 dollars. A deposit of 5 dollars is added. What is the new balance?,46,Chloe's account shows 31 dollars. A deposit of 14 dollars is added. What is the new balance?,45,41,5,31,14
The item costs 42 dollars. The price increases by 37 dollars. What is the new cost?,79,The item costs 14 dollars. The price increases by 12 dollars. What is the new cost?,26,42,37,14,12
The item costs 46 dollars. The price increases by 25 dollars. What is the new cost?,71,The item costs 17 dollars. The price increases by 5 dollars. What is the new cost?,22,46,25,17,5
Jack budgets 46 dollars for groceries. An unexpected 1 dollar expense arises. What is the revised budget?,47,Jack budgets 50 dollars for groceries. An unexpected 7 dollar expense arises. What is the revised budget?,57,46,1,50,7
Jack budgets 29 dollars for groceries. An unexpected 8 dollar expense arises. What is the revised budget?,37,Jack budgets 13 dollars for groceries. An unexpected 12 dollar expense arises. What is the revised budget?,25,29,8,13,12
The fundraiser goal is 31 dollars. The target increases by 2 dollars. What is the new goal amount?,33,The fundraiser goal is 37 dollars. The target increases by 16 dollars. What is the new goal amount?,53,31,2,37,16
The fundraiser goal is 9 dollars. The target increases by 8 dollars. What is the new goal amount?,17,The fundraiser goal is 44 dollars. The target increases by 34 dollars. What is the new goal amount?,78,9,8,44,34
"Grace earns 50 dollars weekly. With 29 dollars in bonuses, what is the total compensation?",79,"Grace earns 41 dollars weekly. With 33 dollars in bonuses, what is the total compensation?",74,50,29,41,33
"Grace earns 29 dollars weekly. With 27 dollars in bonuses, what is the total compensation?",56,"Grace earns 37 dollars weekly. With 29 dollars in bonuses, what is the total compensation?",66,29,27,37,29
The container holds 30 liters. Nathan adds 9 more liters. What is the new volume?,39,The container holds 42 liters. Nathan adds 18 more liters. What is the new volume?,60,30,9,42,18
The container holds 35 liters. Nathan adds 32 more liters. What is the new volume?,67,The container holds 42 liters. Nathan adds 16 more liters. What is the new volume?,58,35,32,42,16
The rope measures 30 meters. Alexander attaches 3 more meters. What is the total length?,33,The rope measures 47 meters. Alexander attaches 19 more meters. What is the total length?,66,30,3,47,19
The rope measures 23 meters. Alexander attaches 11 more meters. What is the total length?,34,The rope measures 36 meters. Alexander attaches 6 more meters. What is the total length?,42,23,11,36,6
The building is 26 feet tall. The antenna adds 23 feet to its height. What is the new elevation?,49,The building is 28 feet tall. The antenna adds 11 feet to its height. What is the new elevation?,39,26,23,28,11
The building is 36 feet tall. The antenna adds 30 feet to its height. What is the new elevation?,66,The building is 28 feet tall. The antenna adds 2 feet to its height. What is the new elevation?,30,36,30,28,2
The package weighs 28 kilograms. Additional contents add 13 kilograms. What is the new weight?,41,The package weighs 39 kilograms. Additional contents add 2 kilograms. What is the new weight?,41,28,13,39,2
The package weighs 50 kilograms. Additional contents add 37 kilograms. What is the new weight?,87,The package weighs 26 kilograms. Additional contents add 16 kilograms. What is the new weight?,42,50,37,26,16
The pool contains 28 gallons. The hose adds 18 more gallons. What is the total volume?,46,The pool contains 49 gallons. The hose adds 48 more gallons. What is the total volume?,97,28,18,49,48
The pool contains 36 gallons. The hose adds 15 more gallons. What is the total volume?,51,The pool contains 33 gallons. The hose adds 15 more gallons. What is the total volume?,48,36,15,33,15
The store stocks 29 phones. A shipment adds 16 more phones. What is the new stock?,45,The store stocks 3 phones. A shipment adds 2 more phones. What is the new stock?,5,29,16,3,2
The store stocks 23 phones. A shipment adds 22 more phones. What is the new stock?,45,The store stocks 45 phones. A shipment adds 26 more phones. What is the new stock?,71,23,22,45,26
The warehouse has 39 boxes. A delivery brings 37 more boxes. What is the current count?,76,The warehouse has 44 boxes. A delivery brings 2 more boxes. What is the current count?,46,39,37,44,2
The warehouse has 29 boxes. A delivery brings 5 more boxes. What is the current count?,34,The warehouse has 31 boxes. A delivery brings 6 more boxes. What is the current count?,37,29,5,31,6
The library has 18 available books. New acquisitions add 13 books. What is the updated collection?,31,The library has 22 available books. New acquisitions add 7 books. What is the updated collection?,29,18,13,22,7
The library has 23 available books. New acquisitions add 13 books. What is the updated collection?,36,The library has 19 available books. New acquisitions add 14 books. What is the updated collection?,33,23,13,19,14
The bakery prepares 24 loaves. The afternoon batch makes 8 more loaves. What is the total production?,32,The bakery prepares 43 loaves. The afternoon batch makes 5 more loaves. What is the total production?,48,24,8,43,5
The bakery prepares 43 loaves. The afternoon batch makes 3 more loaves. What is the total production?,46,The bakery prepares 50 loaves. The afternoon batch makes 2 more loaves. What is the total production?,52,43,3,50,2
The farm has 14 chickens. New hatchlings increase the flock by 1. What is the new population?,15,The farm has 41 chickens. New hatchlings increase the flock by 10. What is the new population?,51,14,1,41,10
The farm has 32 chickens. New hatchlings increase the flock by 22. What is the new population?,54,The farm has 31 chickens. New hatchlings increase the flock by 23. What is the new population?,54,32,22,31,23
The exam has 25 questions. The teacher adds 6 bonus questions. What is the new total?,31,The exam has 40 questions. The teacher adds 39 bonus questions. What is the new total?,79,25,6,40,39
The exam has 49 questions. The teacher adds 46 bonus questions. What is the new total?,95,The exam has 21 questions. The teacher adds 4 bonus questions. What is the new total?,25,49,46,21,4
The assignment requires 38 pages. The professor extends it by 25 pages. What is the new requirement?,63,The assignment requires 27 pages. The professor extends it by 23 pages. What is the new requirement?,50,38,25,27,23
The assignment requires 14 pages. The professor extends it by 2 pages. What is the new requirement?,16,The assignment requires 39 pages. The professor extends it by 16 pages. What is the new requirement?,55,14,2,39,16
The textbook has 46 chapters. The new edition adds 20 chapters. What is the updated count?,66,The textbook has 45 chapters. The new edition adds 39 chapters. What is the updated count?,84,46,20,45,39
The textbook has 29 chapters. The new edition adds 22 chapters. What is the updated count?,51,The textbook has 25 chapters. The new edition adds 3 chapters. What is the updated count?,28,29,22,25,3
The course offers 33 credit hours. Michael adds 7 audit hours. What is the total course load?,40,The course offers 29 credit hours. Michael adds 12 audit hours. What is the total course load?,41,33,7,29,12
The course offers 42 credit hours. Michael adds 30 audit hours. What is the total course load?,72,The course offers 47 credit hours. Michael adds 10 audit hours. What is the total course load?,57,42,30,47,10
The lab has 35 experiments. The curriculum adds 18 new experiments. What is the updated schedule?,53,The lab has 41 experiments. The curriculum adds 35 new experiments. What is the updated schedule?,76,35,18,41,35
The lab has 32 experiments. The curriculum adds 15 new experiments. What is the updated schedule?,47,The lab has 48 experiments. The curriculum adds 38 new experiments. What is the updated schedule?,86,32,15,48,38
"The bus has 22 passengers. At the stop, 8 passengers board. What is the new passenger count?",30,"The bus has 7 passengers. At the stop, 3 passengers board. What is the new passenger count?",10,22,8,7,3
"The bus has 30 passengers. At the stop, 8 passengers board. What is the new passenger count?",38,"The bus has 50 passengers. At the stop, 30 passengers board. What is the new passenger count?",80,30,8,50,30
The train makes 41 stops. The schedule adds 25 express stops. What is the updated itinerary?,66,The train makes 33 stops. The schedule adds 21 express stops. What is the updated itinerary?,54,41,25,33,21
The train makes 13 stops. The schedule adds 8 express stops. What is the updated itinerary?,21,The train makes 15 stops. The schedule adds 6 express stops. What is the updated itinerary?,21,13,8,15,6
The plane has 18 empty seats. 11 passengers cancel their tickets. How many seats become available?,29,The plane has 19 empty seats. 9 passengers cancel their tickets. How many seats become available?,28,18,11,19,9
The plane has 35 empty seats. 13 passengers cancel their tickets. How many seats become available?,48,The plane has 7 empty seats. 2 passengers cancel their tickets. How many seats become available?,9,35,13,7,2
The parking lot has 28 spaces. 16 reserved spaces are added. What is the new capacity?,44,The parking lot has 46 spaces. 31 reserved spaces are added. What is the new capacity?,77,28,16,46,31
The parking lot has 43 spaces. 32 reserved spaces are added. What is the new capacity?,75,The parking lot has 30 spaces. 26 reserved spaces are added. What is the new capacity?,56,43,32,30,26
The highway project needs 16 workers. 7 temporary workers join. What is the current workforce?,23,The highway project needs 46 workers. 16 temporary workers join. What is the current workforce?,62,16,7,46,16
The highway project needs 21 workers. 19 temporary workers join. What is the current workforce?,40,The highway project needs 25 workers. 16 temporary workers join. What is the current workforce?,41,21,19,25,16
The item originally costs 35 dollars. The premium version costs 23 dollars more. What is the upgraded price?,58,The item originally costs 29 dollars. The premium version costs 24 dollars more. What is the upgraded price?,53,35,23,29,24
The item originally costs 37 dollars. The premium version costs 22 dollars more. What is the upgraded price?,59,The item originally costs 24 dollars. The premium version costs 23 dollars more. What is the upgraded price?,47,37,22,24,23
Daniel brings 18 dollars to the store. They find 8 dollars in their pocket. What is their total cash?,26,Daniel brings 22 dollars to the store. They find 4 dollars in their pocket. What is their total cash?,26,18,8,22,4
Daniel brings 50 dollars to the store. They find 45 dollars in their pocket. What is their total cash?,95,Daniel brings 13 dollars to the store. They find 4 dollars in their pocket. What is their total cash?,17,50,45,13,4
The shopping list has 49 items. Henry remembers 31 more items. What is the updated list count?,80,The shopping list has 19 items. Henry remembers 17 more items. What is the updated list count?,36,49,31,19,17
The shopping list has 40 items. Henry remembers 19 more items. What is the updated list count?,59,The shopping list has 8 items. Henry remembers 7 more items. What is the updated list count?,15,40,19,8,7
The coupon saves 20 dollars. The cashier applies 8 dollars in additional savings. What is the total discount?,28,The coupon saves 21 dollars. The cashier applies 1 dollars in additional savings. What is the total discount?,22,20,8,21,1
The coupon saves 47 dollars. The cashier applies 35 dollars in additional savings. What is the total discount?,82,The coupon saves 4 dollars. The cashier applies 1 dollars in additional savings. What is the total discount?,5,47,35,4,1
The loyalty card has 20 points. The bonus offer adds 5 points. What is the new point balance?,25,The loyalty card has 42 points. The bonus offer adds 32 points. What is the new point balance?,74,20,5,42,32
The loyalty card has 30 points. The bonus offer adds 11 points. What is the new point balance?,41,The loyalty card has 13 points. The bonus offer adds 1 points. What is the new point balance?,14,30,11,13,1
The recipe calls for 32 grams of flour. Alexander decides to add 4 more grams. What is the new measurement?,36,The recipe calls for 33 grams of flour. Alexander decides to add 5 more grams. What is the new measurement?,38,32,4,33,5
The recipe calls for 38 grams of flour. Alexander decides to add 4 more grams. What is the new measurement?,42,The recipe calls for 11 grams of flour. Alexander decides to add 3 more grams. What is the new measurement?,14,38,4,11,3
The oven needs 38 minutes to preheat. The recipe suggests 20 extra minutes. What is the total preheat time?,58,The oven needs 9 minutes to preheat. The recipe suggests 7 extra minutes. What is the total preheat time?,16,38,20,9,7
The oven needs 41 minutes to preheat. The recipe suggests 15 extra minutes. What is the total preheat time?,56,The oven needs 35 minutes to preheat. The recipe suggests 25 extra minutes. What is the total preheat time?,60,41,15,35,25
The batch makes 30 cookies. Daniel bakes 10 more cookies. What is the total yield?,40,The batch makes 39 cookies. Daniel bakes 28 more cookies. What is the total yield?,67,30,10,39,28
The batch makes 41 cookies. Daniel bakes 4 more cookies. What is the total yield?,45,The batch makes 41 cookies. Daniel bakes 7 more cookies. What is the total yield?,48,41,4,41,7
The stew requires 15 hours to cook. The chef extends cooking by 5 hours. What is the new duration?,20,The stew requires 12 hours to cook. The chef extends cooking by 4 hours. What is the new duration?,16,15,5,12,4
The stew requires 13 hours to cook. The chef extends cooking by 9 hours. What is the new duration?,22,The stew requires 6 hours to cook. The chef extends cooking by 2 hours. What is the new duration?,8,13,9,6,2
The jar holds 28 servings. James prepares 15 extra servings. What is the new total?,43,The jar holds 46 servings. James prepares 39 extra servings. What is the new total?,85,28,15,46,39
The jar holds 32 servings. James prepares 10 extra servings. What is the new total?,42,The jar holds 46 servings. James prepares 30 extra servings. What is the new total?,76,32,10,46,30
The garden has 45 plants. William transplants 15 new plants. What is the new plant count?,60,The garden has 18 plants. William transplants 7 new plants. What is the new plant count?,25,45,15,18,7
The garden has 29 plants. William transplants 4 new plants. What is the new plant count?,33,The garden has 43 plants. William transplants 10 new plants. What is the new plant count?,53,29,4,43,10
The flowerbed needs 19 liters of water. The rainfall provides 5 additional liters. What is the total hydration?,24,The flowerbed needs 12 liters of water. The rainfall provides 5 additional liters. What is the total hydration?,17,19,5,12,5
The flowerbed needs 40 liters of water. The rainfall provides 37 additional liters. What is the total hydration?,77,The flowerbed needs 20 liters of water. The rainfall provides 15 additional liters. What is the total hydration?,35,40,37,20,15
The seed packet contains 36 seeds. Olivia receives 32 bonus seeds. What is the new total?,68,The seed packet contains 40 seeds. Olivia receives 3 bonus seeds. What is the new total?,43,36,32,40,3
The seed packet contains 22 seeds. Olivia receives 20 bonus seeds. What is the new total?,42,The seed packet contains 45 seeds. Olivia receives 37 bonus seeds. What is the new total?,82,22,20,45,37
The tree grows 38 centimeters yearly. Fertilizer adds 3 extra centimeters. What is the total growth?,41,The tree grows 50 centimeters yearly. Fertilizer adds 49 extra centimeters. What is the total growth?,99,38,3,50,49
The tree grows 28 centimeters yearly. Fertilizer adds 23 extra centimeters. What is the total growth?,51,The tree grows 33 centimeters yearly. Fertilizer adds 19 extra centimeters. What is the total growth?,52,28,23,33,19
The plot fits 27 vegetables. Succession planting adds 25 more vegetables. What is the new capacity?,52,The plot fits 37 vegetables. Succession planting adds 3 more vegetables. What is the new capacity?,40,27,25,37,3
The plot fits 31 vegetables. Succession planting adds 3 more vegetables. What is the new capacity?,34,The plot fits 27 vegetables. Succession planting adds 17 more vegetables. What is the new capacity?,44,31,3,27,17
The phone has 25% battery. Charging adds 20% power. What is the new battery level?,45,The phone has 50% battery. Charging adds 32% power. What is the new battery level?,82,25,20,50,32
The phone has 42% battery. Charging adds 29% power. What is the new battery level?,71,The phone has 50% battery. Charging adds 4% power. What is the new battery level?,54,42,29,50,4
The download requires 30 megabytes. The update adds 29 more megabytes. What is the new total size?,59,The download requires 46 megabytes. The update adds 32 more megabytes. What is the new total size?,78,30,29,46,32
The download requires 42 megabytes. The update adds 39 more megabytes. What is the new total size?,81,The download requires 21 megabytes. The update adds 18 more megabytes. What is the new total size?,39,42,39,21,18
The storage has 37 gigabytes free. Cloud storage adds 27 gigabytes. What is the new capacity?,64,The storage has 34 gigabytes free. Cloud storage adds 18 gigabytes. What is the new capacity?,52,37,27,34,18
The storage has 28 gigabytes free. Cloud storage adds 27 gigabytes. What is the new capacity?,55,The storage has 17 gigabytes free. Cloud storage adds 15 gigabytes. What is the new capacity?,32,28,27,17,15
The video is 14 minutes long. Bonus content adds 10 minutes. What is the extended runtime?,24,The video is 34 minutes long. Bonus content adds 9 minutes. What is the extended runtime?,43,14,10,34,9
The video is 48 minutes long. Bonus content adds 20 minutes. What is the extended runtime?,68,The video is 39 minutes long. Bonus content adds 38 minutes. What is the extended runtime?,77,48,20,39,38
The app has 33 daily uses allowed. The premium version adds 10 more uses. What is the new limit?,43,The app has 30 daily uses allowed. The premium version adds 18 more uses. What is the new limit?,48,33,10,30,18
The app has 32 daily uses allowed. The premium version adds 12 more uses. What is the new limit?,44,The app has 23 daily uses allowed. The premium version adds 18 more uses. What is the new limit?,41,32,12,23,18
The game has 36 innings. Extra innings add 25 more. What is the total inning count?,61,The game has 31 innings. Extra innings add 30 more. What is the total inning count?,61,36,25,31,30
The game has 22 innings. Extra innings add 16 more. What is the total inning count?,38,The game has 47 innings. Extra innings add 25 more. What is the total inning count?,72,22,16,47,25
The scoreboard shows 11 points. The bonus round adds 8 points. What is the new total?,19,The scoreboard shows 34 points. The bonus round adds 22 points. What is the new total?,56,11,8,34,22
The scoreboard shows 30 points. The bonus round adds 4 points. What is the new total?,34,The scoreboard shows 35 points. The bonus round adds 30 points. What is the new total?,65,30,4,35,30
The tournament has 48 rounds. The format change adds 10 qualifying rounds. What is the new structure?,58,The tournament has 28 rounds. The format change adds 21 qualifying rounds. What is the new structure?,49,48,10,28,21
The tournament has 11 rounds. The format change adds 2 qualifying rounds. What is the new structure?,13,The tournament has 32 rounds. The format change adds 26 qualifying rounds. What is the new structure?,58,11,2,32,26
The athlete needs 23 meters to win. The course extends by 20 meters. What is the new distance?,43,The athlete needs 46 meters to win. The course extends by 26 meters. What is the new distance?,72,23,20,46,26
The athlete needs 43 meters to win. The course extends by 6 meters. What is the new distance?,49,The athlete needs 22 meters to win. The course extends by 21 meters. What is the new distance?,43,43,6,22,21
The team has 36 timeouts. The official grants 3 additional timeouts. What is the new allowance?,39,The team has 17 timeouts. The official grants 10 additional timeouts. What is the new allowance?,27,36,3,17,10
The team has 16 timeouts. The official grants 12 additional timeouts. What is the new allowance?,28,The team has 42 timeouts. The official grants 7 additional timeouts. What is the new allowance?,49,16,12,42,7
The prescription has 20 doses. The refill adds 12 more doses. What is the new total?,32,The prescription has 35 doses. The refill adds 27 more doses. What is the new total?,62,20,12,35,27
The prescription has 38 doses. The refill adds 12 more doses. What is the new total?,50,The prescription has 12 doses. The refill adds 3 more doses. What is the new total?,15,38,12,12,3
The treatment requires 41 sessions. The doctor adds 16 follow-up sessions. What is the new schedule?,57,The treatment requires 42 sessions. The doctor adds 17 follow-up sessions. What is the new schedule?,59,41,16,42,17
The treatment requires 31 sessions. The doctor adds 9 follow-up sessions. What is the new schedule?,40,The treatment requires 44 sessions. The doctor adds 1 follow-up sessions. What is the new schedule?,45,31,9,44,1
The patient needs 31 milligrams of medicine. The dosage increases by 29 milligrams. What is the new requirement?,60,The patient needs 20 milligrams of medicine. The dosage increases by 18 milligrams. What is the new requirement?,38,31,29,20,18
The patient needs 12 milligrams of medicine. The dosage increases by 2 milligrams. What is the new requirement?,14,The patient needs 30 milligrams of medicine. The dosage increases by 12 milligrams. What is the new requirement?,42,12,2,30,12
The therapy lasts 46 weeks. The extension adds 17 more weeks. What is the new duration?,63,The therapy lasts 21 weeks. The extension adds 7 more weeks. What is the new duration?,28,46,17,21,7
The therapy lasts 8 weeks. The extension adds 2 more weeks. What is the new duration?,10,The therapy lasts 24 weeks. The extension adds 19 more weeks. What is the new duration?,43,8,2,24,19
The fitness goal is 19 steps daily. The challenge increases by 1 steps. What is the new target?,20,The fitness goal is 40 steps daily. The challenge increases by 32 steps. What is the new target?,72,19,1,40,32
The fitness goal is 40 steps daily. The challenge increases by 23 steps. What is the new target?,63,The fitness goal is 42 steps daily. The challenge increases by 3 steps. What is the new target?,45,40,23,42,3
The project has 30 tasks. The scope expands by 2 tasks. What is the new workload?,32,The project has 39 tasks. The scope expands by 24 tasks. What is the new workload?,63,30,2,39,24
The project has 48 tasks. The scope expands by 9 tasks. What is the new workload?,57,The project has 22 tasks. The scope expands by 14 tasks. What is the new workload?,36,48,9,22,14
The workday is 36 hours long. Overtime adds 24 hours. What is the new shift length?,60,The workday is 35 hours long. Overtime adds 33 hours. What is the new shift length?,68,36,24,35,33
The workday is 18 hours long. Overtime adds 16 hours. What is the new shift length?,34,The workday is 20 hours long. Overtime adds 11 hours. What is the new shift length?,31,18,16,20,11
The quota requires 50 sales. The target increases by 15 sales. What is the new goal?,65,The quota requires 45 sales. The target increases by 44 sales. What is the new goal?,89,50,15,45,44
The quota requires 27 sales. The target increases by 26 sales. What is the new goal?,53,The quota requires 37 sales. The target increases by 24 sales. What is the new goal?,61,27,26,37,24
The budget allows 27 dollars. Additional funding provides 1 dollars. What is the new budget?,28,The budget allows 18 dollars. Additional funding provides 4 dollars. What is the new budget?,22,27,1,18,4
The budget allows 31 dollars. Additional funding provides 12 dollars. What is the new budget?,43,The budget allows 8 dollars. Additional funding provides 6 dollars. What is the new budget?,14,31,12,8,6
The contract lasts 32 months. The renewal adds 1 months. What is the new term?,33,The contract lasts 41 months. The renewal adds 36 months. What is the new term?,77,32,1,41,36
The contract lasts 43 months. The renewal adds 27 months. What is the new term?,70,The contract lasts 21 months. The renewal adds 16 months. What is the new term?,37,43,27,21,16
The trip covers 36 kilometers. The detour adds 9 kilometers. What is the new distance?,45,The trip covers 26 kilometers. The detour adds 15 kilometers. What is the new distance?,41,36,9,26,15
The trip covers 25 kilometers. The detour adds 22 kilometers. What is the new distance?,47,The trip covers 49 kilometers. The detour adds 45 kilometers. What is the new distance?,94,25,22,49,45
The vacation lasts 28 days. The airline extends it by 19 days. What is the new duration?,47,The vacation lasts 49 days. The airline extends it by 47 days. What is the new duration?,96,28,19,49,47
The vacation lasts 33 days. The airline extends it by 27 days. What is the new duration?,60,The vacation lasts 46 days. The airline extends it by 24 days. What is the new duration?,70,33,27,46,24
The suitcase holds 25 kilograms. The airline increases the limit by 18 kilograms. What is the new capacity?,43,The suitcase holds 43 kilograms. The airline increases the limit by 23 kilograms. What is the new capacity?,66,25,18,43,23
The suitcase holds 19 kilograms. The airline increases the limit by 7 kilograms. What is the new capacity?,26,The suitcase holds 23 kilograms. The airline increases the limit by 8 kilograms. What is the new capacity?,31,19,7,23,8
The itinerary includes 38 cities. Last-minute changes add 14 cities. What is the new plan?,52,The itinerary includes 16 cities. Last-minute changes add 6 cities. What is the new plan?,22,38,14,16,6
The itinerary includes 11 cities. Last-minute changes add 10 cities. What is the new plan?,21,The itinerary includes 36 cities. Last-minute changes add 17 cities. What is the new plan?,53,11,10,36,17
The cruise has 10 ports of call. Weather changes add 7 alternative ports. What is the new schedule?,17,The cruise has 35 ports of call. Weather changes add 8 alternative ports. What is the new schedule?,43,10,7,35,8
The cruise has 49 ports of call. Weather changes add 5 alternative ports. What is the new schedule?,54,The cruise has 25 ports of call. Weather changes add 17 alternative ports. What is the new schedule?,42,49,5,25,17
The guest list has 34 people. 15 last-minute RSVPs arrive. What is the new count?,49,The guest list has 41 people. 3 last-minute RSVPs arrive. What is the new count?,44,34,15,41,3
The guest list has 48 people. 43 last-minute RSVPs arrive. What is the new count?,91,The guest list has 35 people. 20 last-minute RSVPs arrive. What is the new count?,55,48,43,35,20
The venue seats 43 guests. Additional chairs increase capacity by 2. What is the new total?,45,The venue seats 27 guests. Additional chairs increase capacity by 14. What is the new total?,41,43,2,27,14
The venue seats 45 guests. Additional chairs increase capacity by 7. What is the new total?,52,The venue seats 33 guests. Additional chairs increase capacity by 29. What is the new total?,62,45,7,33,29
The event budget is 40 dollars. A sponsor contributes 10 dollars. What is the new budget?,50,The event budget is 35 dollars. A sponsor contributes 19 dollars. What is the new budget?,54,40,10,35,19
The event budget is 40 dollars. A sponsor contributes 28 dollars. What is the new budget?,68,The event budget is 46 dollars. A sponsor contributes 8 dollars. What is the new budget?,54,40,28,46,8
The schedule allows 43 minutes per speaker. The organizer adds 42 bonus minutes. What is the new limit?,85,The schedule allows 37 minutes per speaker. The organizer adds 14 bonus minutes. What is the new limit?,51,43,42,37,14
The schedule allows 29 minutes per speaker. The organizer adds 15 bonus minutes. What is the new limit?,44,The schedule allows 23 minutes per speaker. The organizer adds 15 bonus minutes. What is the new limit?,38,29,15,23,15
The conference has 28 sessions. The committee adds 24 breakout sessions. What is the new total?,52,The conference has 29 sessions. The committee adds 11 breakout sessions. What is the new total?,40,28,24,29,11
The conference has 44 sessions. The committee adds 17 breakout sessions. What is the new total?,61,The conference has 25 sessions. The committee adds 5 breakout sessions. What is the new total?,30,44,17,25,5
The blueprint requires 32 boards. The revision adds 3 more boards. What is the new requirement?,35,The blueprint requires 49 boards. The revision adds 24 more boards. What is the new requirement?,73,32,3,49,24
The blueprint requires 5 boards. The revision adds 3 more boards. What is the new requirement?,8,The blueprint requires 28 boards. The revision adds 12 more boards. What is the new requirement?,40,5,3,28,12
The project needs 24 nails. The supplier provides 4 extra nails. What is the new total?,28,The project needs 38 nails. The supplier provides 33 extra nails. What is the new total?,71,24,4,38,33
The project needs 15 nails. The supplier provides 3 extra nails. What is the new total?,18,The project needs 38 nails. The supplier provides 15 extra nails. What is the new total?,53,15,3,38,15
The wall needs 29 bricks. The design change requires 28 more bricks. What is the new count?,57,The wall needs 37 bricks. The design change requires 36 more bricks. What is the new count?,73,29,28,37,36
The wall needs 23 bricks. The design change requires 12 more bricks. What is the new count?,35,The wall needs 44 bricks. The design change requires 26 more bricks. What is the new count?,70,23,12,44,26
The job estimates 11 hours of labor. Complications add 1 hours. What is the new estimate?,12,The job estimates 35 hours of labor. Complications add 14 hours. What is the new estimate?,49,11,1,35,14
The job estimates 26 hours of labor. Complications add 14 hours. What is the new estimate?,40,The job estimates 21 hours of labor. Complications add 11 hours. What is the new estimate?,32,26,14,21,11
The order requires 12 tiles. The overage includes 10 extra tiles. What is the delivered quantity?,22,The order requires 28 tiles. The overage includes 9 extra tiles. What is the delivered quantity?,37,12,10,28,9
The order requires 39 tiles. The overage includes 32 extra tiles. What is the delivered quantity?,71,The order requires 27 tiles. The overage includes 20 extra tiles. What is the delivered quantity?,47,39,32,27,20
The production line makes 33 units per hour. Overtime adds 28 more units. What is the new output?,61,The production line makes 13 units per hour. Overtime adds 3 more units. What is the new output?,16,33,28,13,3
The production line makes 26 units per hour. Overtime adds 18 more units. What is the new output?,44,The production line makes 47 units per hour. Overtime adds 15 more units. What is the new output?,62,26,18,47,15
The machine processes 37 items daily. Maintenance increases capacity by 23 items. What is the new rate?,60,The machine processes 49 items daily. Maintenance increases capacity by 3 items. What is the new rate?,52,37,23,49,3
The machine processes 29 items daily. Maintenance increases capacity by 1 items. What is the new rate?,30,The machine processes 38 items daily. Maintenance increases capacity by 28 items. What is the new rate?,66,29,1,38,28
The quality check finds 42 defects. The tolerance allows 27 more defects. What is the acceptable range?,69,The quality check finds 20 defects. The tolerance allows 4 more defects. What is the acceptable range?,24,42,27,20,4
The quality check finds 22 defects. The tolerance allows 6 more defects. What is the acceptable range?,28,The quality check finds 41 defects. The tolerance allows 30 more defects. What is the acceptable range?,71,22,6,41,30
The shipment contains 29 products. The replacement adds 19 more products. What is the new inventory?,48,The shipment contains 14 products. The replacement adds 13 more products. What is the new inventory?,27,29,19,14,13
The shipment contains 48 products. The replacement adds 42 more products. What is the new inventory?,90,The shipment contains 13 products. The replacement adds 11 more products. What is the new inventory?,24,48,42,13,11
The order requires 31 components. The supplier includes 25 spare components. What is the delivered count?,56,The order requires 38 components. The supplier includes 29 spare components. What is the delivered count?,67,31,25,38,29
The order requires 43 components. The supplier includes 41 spare components. What is the delivered count?,84,The order requires 30 components. The supplier includes 21 spare components. What is the delivered count?,51,43,41,30,21
The battery stores 24 kilowatt-hours. Solar charging adds 17 kilowatt-hours. What is the new charge?,41,The battery stores 25 kilowatt-hours. Solar charging adds 10 kilowatt-hours. What is the new charge?,35,24,17,25,10
The battery stores 41 kilowatt-hours. Solar charging adds 39 kilowatt-hours. What is the new charge?,80,The battery stores 34 kilowatt-hours. Solar charging adds 25 kilowatt-hours. What is the new charge?,59,41,39,34,25
The tank holds 38 liters of fuel. Refueling adds 13 liters. What is the new quantity?,51,The tank holds 32 liters of fuel. Refueling adds 17 liters. What is the new quantity?,49,38,13,32,17
The tank holds 47 liters of fuel. Refueling adds 29 liters. What is the new quantity?,76,The tank holds 30 liters of fuel. Refueling adds 17 liters. What is the new quantity?,47,47,29,30,17
The generator provides 41 hours of power. Maintenance extends runtime by 11 hours. What is the new duration?,52,The generator provides 25 hours of power. Maintenance extends runtime by 12 hours. What is the new duration?,37,41,11,25,12
The generator provides 20 hours of power. Maintenance extends runtime by 13 hours. What is the new duration?,33,The generator provides 28 hours of power. Maintenance extends runtime by 25 hours. What is the new duration?,53,20,13,28,25
The solar panel produces 45 watts daily. Extra sunlight increases output by 25 watts. What is the adjusted production?,70,The solar panel produces 20 watts daily. Extra sunlight increases output by 9 watts. What is the adjusted production?,29,45,25,20,9
The solar panel produces 39 watts daily. Extra sunlight increases output by 10 watts. What is the adjusted production?,49,The solar panel produces 43 watts daily. Extra sunlight increases output by 26 watts. What is the adjusted production?,69,39,10,43,26
The circuit handles 40 amps safely. Upgrades increase capacity by 6 amps. What is the new limit?,46,The circuit handles 26 amps safely. Upgrades increase capacity by 21 amps. What is the new limit?,47,40,6,26,21
The circuit handles 23 amps safely. Upgrades increase capacity by 5 amps. What is the new limit?,28,The circuit handles 34 amps safely. Upgrades increase capacity by 24 amps. What is the new limit?,58,23,5,34,24
The forest has 23 trees. Replanting adds 16 new trees. What is the new count?,39,The forest has 14 trees. Replanting adds 4 new trees. What is the new count?,18,23,16,14,4
The forest has 36 trees. Replanting adds 34 new trees. What is the new count?,70,The forest has 48 trees. Replanting adds 29 new trees. What is the new count?,77,36,34,48,29
The lake contains 45 fish. Stocking adds 16 more fish. What is the new population?,61,The lake contains 30 fish. Stocking adds 20 more fish. What is the new population?,50,45,16,30,20
The lake contains 32 fish. Stocking adds 29 more fish. What is the new population?,61,The lake contains 14 fish. Stocking adds 6 more fish. What is the new population?,20,32,29,14,6
The reserve protects 34 acres. The expansion adds 27 acres. What is the new protected area?,61,The reserve protects 40 acres. The expansion adds 9 acres. What is the new protected area?,49,34,27,40,9
The reserve protects 43 acres. The expansion adds 31 acres. What is the new protected area?,74,The reserve protects 34 acres. The expansion adds 10 acres. What is the new protected area?,44,43,31,34,10
The cleanup targets 29 tons of waste. Additional dumping adds 3 tons. What is the new total?,32,The cleanup targets 24 tons of waste. Additional dumping adds 1 tons. What is the new total?,25,29,3,24,1
The cleanup targets 20 tons of waste. Additional dumping adds 16 tons. What is the new total?,36,The cleanup targets 46 tons of waste. Additional dumping adds 9 tons. What is the new total?,55,20,16,46,9
The air quality index shows 47 particles. Pollution adds 31 particles. What is the new measurement?,78,The air quality index shows 11 particles. Pollution adds 9 particles. What is the new measurement?,20,47,31,11,9
The air quality index shows 48 particles. Pollution adds 39 particles. What is the new measurement?,87,The air quality index shows 17 particles. Pollution adds 14 particles. What is the new measurement?,31,48,39,17,14
The puzzle has 38 pieces. The deluxe edition adds 16 more pieces. What is the new challenge?,54,The puzzle has 35 pieces. The deluxe edition adds 24 more pieces. What is the new challenge?,59,38,16,35,24
The puzzle has 36 pieces. The deluxe edition adds 33 more pieces. What is the new challenge?,69,The puzzle has 34 pieces. The deluxe edition adds 2 more pieces. What is the new challenge?,36,36,33,34,2
The collection contains 32 coins. An auction adds 2 rare coins. What is the new collection?,34,The collection contains 42 coins. An auction adds 25 rare coins. What is the new collection?,67,32,2,42,25
The collection contains 25 coins. An auction adds 9 rare coins. What is the new collection?,34,The collection contains 49 coins. An auction adds 2 rare coins. What is the new collection?,51,25,9,49,2
The playlist has 39 songs. New releases add 22 more songs. What is the updated playlist?,61,The playlist has 23 songs. New releases add 21 more songs. What is the updated playlist?,44,39,22,23,21
The playlist has 32 songs. New releases add 21 more songs. What is the updated playlist?,53,The playlist has 22 songs. New releases add 10 more songs. What is the updated playlist?,32,32,21,22,10
The gallery displays 27 paintings. A donation adds 18 paintings. What is the new exhibition?,45,The gallery displays 32 paintings. A donation adds 9 paintings. What is the new exhibition?,41,27,18,32,9
The gallery displays 14 paintings. A donation adds 5 paintings. What is the new exhibition?,19,The gallery displays 24 paintings. A donation adds 2 paintings. What is the new exhibition?,26,14,5,24,2
The book has 19 pages. The special edition includes 4 additional pages. What is the new length?,23,The book has 26 pages. The special edition includes 11 additional pages. What is the new length?,37,19,4,26,11
The book has 48 pages. The special edition includes 28 additional pages. What is the new length?,76,The book has 40 pages. The special edition includes 12 additional pages. What is the new length?,52,48,28,40,12
