clean_prompt,clean_gt_answer,corrupted_prompt,corrupted_gt_answer,target_gt_answer,clean_operand1,clean_operand2,corrupted_operand1,corrupted_operand2
Jack has 49 apples. Their friend gives them 18 more apples. How many apples does Jack have now?,67,The course offers 9 credit hours. Jack drops 1 credit hours. How many credits remain?,8,10,49,18,9,1
Jack has 10 apples. Their friend gives them 2 more apples. How many apples does Jack have now?,12,The course offers 17 credit hours. Jack drops 8 credit hours. How many credits remain?,9,25,10,2,17,8
Chloe picks 7 oranges. They find 5 more oranges on the ground. How many oranges does Chloe have now?,12,Chloe catches 49 fireflies. They release 35 fireflies. How many fireflies does Chloe have now?,14,84,7,5,49,35
Chloe picks 3 oranges. They find 1 more oranges on the ground. How many oranges does Chloe have now?,4,Chloe catches 29 fireflies. They release 2 fireflies. How many fireflies does Chloe have now?,27,31,3,1,29,2
Henry buys 40 bananas. The cashier gives them 2 extra bananas. How many bananas does Henry have now?,42,"The itinerary includes 16 cities. After visiting 9 cities, how many remain?",7,25,40,2,16,9
Henry buys 47 bananas. The cashier gives them 42 extra bananas. How many bananas does Henry have now?,89,"The itinerary includes 37 cities. After visiting 13 cities, how many remain?",24,50,47,42,37,13
Lucas grows 39 strawberries. 18 more strawberries ripen overnight. How many strawberries does Lucas have now?,57,The parking lot has 36 cars. 27 cars leave the lot. How many spaces are still occupied?,9,63,39,18,36,27
Lucas grows 23 strawberries. 9 more strawberries ripen overnight. How many strawberries does Lucas have now?,32,The parking lot has 46 cars. 28 cars leave the lot. How many spaces are still occupied?,18,74,23,9,46,28
Benjamin collects 23 mangoes. Their neighbor shares 4 more mangoes. How many mangoes does Benjamin have now?,27,"The train makes 15 stops. After 13 stops, how many remain on the route?",2,28,23,4,15,13
Benjamin collects 8 mangoes. Their neighbor shares 3 more mangoes. How many mangoes does Benjamin have now?,11,"The train makes 7 stops. After 4 stops, how many remain on the route?",3,11,8,3,7,4
Nora has 18 pencils. The teacher distributes 2 more pencils. How many pencils does Nora have now?,20,Nora owns 24 paintbrushes. Their teacher collects 20 paintbrushes for cleaning. How many paintbrushes does Nora have now?,4,44,18,2,24,20
Nora has 36 pencils. The teacher distributes 8 more pencils. How many pencils does Nora have now?,44,Nora owns 48 paintbrushes. Their teacher collects 30 paintbrushes for cleaning. How many paintbrushes does Nora have now?,18,78,36,8,48,30
Isla brings 37 notebooks to class. A classmate gives them 19 more notebooks. How many notebooks does Isla have now?,56,The pool contains 26 gallons. Isla drains 3 gallons for cleaning. What volume remains?,23,29,37,19,26,3
Isla brings 25 notebooks to class. A classmate gives them 19 more notebooks. How many notebooks does Isla have now?,44,The pool contains 42 gallons. Isla drains 40 gallons for cleaning. What volume remains?,2,82,25,19,42,40
Henry finds 4 erasers in their desk. They discover 3 more erasers in their bag. How many erasers does Henry have now?,7,The lake contains 47 fish. 5 fish are caught. How many fish remain?,42,52,4,3,47,5
Henry finds 20 erasers in their desk. They discover 3 more erasers in their bag. How many erasers does Henry have now?,23,The lake contains 16 fish. 13 fish are caught. How many fish remain?,3,29,20,3,16,13
Nora has 19 markers. Their art teacher adds 15 more markers to their collection. How many markers does Nora have now?,34,The bakery prepares 16 loaves. Customers purchase 14 loaves. How many loaves are left?,2,30,19,15,16,14
Nora has 24 markers. Their art teacher adds 7 more markers to their collection. How many markers does Nora have now?,31,The bakery prepares 42 loaves. Customers purchase 24 loaves. How many loaves are left?,18,66,24,7,42,24
Chloe receives 40 stickers for good behavior. The principal awards them 11 more stickers. How many stickers does Chloe have now?,51,The shopping list has 19 items. Chloe crosses off 3 items. How many items remain?,16,22,40,11,19,3
Chloe receives 12 stickers for good behavior. The principal awards them 8 more stickers. How many stickers does Chloe have now?,20,The shopping list has 36 items. Chloe crosses off 16 items. How many items remain?,20,52,12,8,36,16
Jacob owns 16 toy cars. Their birthday gifts include 11 more toy cars. How many toy cars does Jacob have now?,27,The project has 19 tasks. Jacob completes 18 tasks. How many tasks remain?,1,37,16,11,19,18
Jacob owns 27 toy cars. Their birthday gifts include 9 more toy cars. How many toy cars does Jacob have now?,36,The project has 22 tasks. Jacob completes 2 tasks. How many tasks remain?,20,24,27,9,22,2
William has 47 building blocks. Their sibling contributes 21 more blocks to their tower. How many blocks does William have now?,68,William collects 15 action figures. They trade away 10 figures. How many action figures does William have now?,5,25,47,21,15,10
William has 33 building blocks. Their sibling contributes 26 more blocks to their tower. How many blocks does William have now?,59,William collects 15 action figures. They trade away 11 figures. How many action figures does William have now?,4,26,33,26,15,11
Nathan collects 11 action figures. A new series releases 5 more figures. How many action figures does Nathan have now?,16,Nathan owns 43 comic books. A friend borrows 30 comic books. How many comic books does Nathan have now?,13,73,11,5,43,30
Nathan collects 49 action figures. A new series releases 36 more figures. How many action figures does Nathan have now?,85,Nathan owns 10 comic books. A friend borrows 4 comic books. How many comic books does Nathan have now?,6,14,49,36,10,4
Grace has 39 board games. Their family acquires 26 more board games. How many board games does Grace have now?,65,Grace receives 18 stickers for good behavior. The principal revokes 14 stickers. How many stickers does Grace have now?,4,32,39,26,18,14
Grace has 10 board games. Their family acquires 9 more board games. How many board games does Grace have now?,19,Grace receives 25 stickers for good behavior. The principal revokes 8 stickers. How many stickers does Grace have now?,17,33,10,9,25,8
Lily owns 9 stuffed animals. A relative sends them 3 more stuffed animals. How many stuffed animals does Lily have now?,12,Lily collects 7 acorns. Squirrels steal 1 acorns. How many acorns does Lily have now?,6,8,9,3,7,1
Lily owns 45 stuffed animals. A relative sends them 28 more stuffed animals. How many stuffed animals does Lily have now?,73,Lily collects 42 acorns. Squirrels steal 11 acorns. How many acorns does Lily have now?,31,53,45,28,42,11
Ella finds 26 seashells at the beach. The next day they find 20 more seashells. How many seashells does Ella have now?,46,The item costs 4 dollars. Ella pays with 6 dollars. What is the amount to be returned?,2,10,26,20,6,4
Ella finds 18 seashells at the beach. The next day they find 1 more seashells. How many seashells does Ella have now?,19,The item costs 17 dollars. Ella pays with 31 dollars. What is the amount to be returned?,14,48,18,1,31,17
"Chloe counts 45 birds in the morning. By afternoon, 35 more birds arrive. How many birds does Chloe see now?",80,The team has 48 timeouts. They call 8 timeouts. How many timeouts remain?,40,56,45,35,48,8
"Chloe counts 43 birds in the morning. By afternoon, 22 more birds arrive. How many birds does Chloe see now?",65,The team has 50 timeouts. They call 18 timeouts. How many timeouts remain?,32,68,43,22,50,18
"Olivia plants 34 flowers. After a week, 12 more flowers bloom. How many flowers does Olivia have now?",46,The farm has 20 chickens. Olivia sells 14 chickens at market. How many chickens remain?,6,34,34,12,20,14
"Olivia plants 42 flowers. After a week, 20 more flowers bloom. How many flowers does Olivia have now?",62,The farm has 34 chickens. Olivia sells 7 chickens at market. How many chickens remain?,27,41,42,20,34,7
Matthew catches 40 fireflies. Their jar attracts 13 more fireflies. How many fireflies does Matthew have now?,53,"Matthew's account shows 42 dollars. After a purchase of 33 dollars, what is the current balance?",9,75,40,13,42,33
Matthew catches 50 fireflies. Their jar attracts 11 more fireflies. How many fireflies does Matthew have now?,61,"Matthew's account shows 11 dollars. After a purchase of 6 dollars, what is the current balance?",5,17,50,11,11,6
Grace collects 40 acorns. Their friend finds 21 more acorns for them. How many acorns does Grace have now?,61,The quality check finds 1 defects in 35 items. How many items pass inspection?,34,36,40,21,35,1
Grace collects 9 acorns. Their friend finds 6 more acorns for them. How many acorns does Grace have now?,15,The quality check finds 2 defects in 33 items. How many items pass inspection?,31,35,9,6,33,2
Nathan bakes 5 cookies. Their sibling helps bake 2 more cookies. How many cookies does Nathan have now?,7,Nathan has 21 hockey pucks. Their teammate borrows 8 hockey pucks. How many hockey pucks does Nathan have now?,13,29,5,2,21,8
Nathan bakes 7 cookies. Their sibling helps bake 6 more cookies. How many cookies does Nathan have now?,13,Nathan has 38 hockey pucks. Their teammate borrows 6 hockey pucks. How many hockey pucks does Nathan have now?,32,44,7,6,38,6
Lily buys 10 donuts. The bakery throws in 3 extra donuts. How many donuts does Lily have now?,13,The wall needs 6 bricks. Lily lays 5 bricks. How many bricks remain?,1,11,10,3,6,5
Lily buys 37 donuts. The bakery throws in 11 extra donuts. How many donuts does Lily have now?,48,The wall needs 44 bricks. Lily lays 31 bricks. How many bricks remain?,13,75,37,11,44,31
Alexander makes 15 sandwiches. Their parent makes 9 additional sandwiches. How many sandwiches does Alexander have now?,24,Alexander owns 35 tennis balls. The club replaces 28 old tennis balls. How many tennis balls does Alexander have now?,7,63,15,9,35,28
Alexander makes 46 sandwiches. Their parent makes 13 additional sandwiches. How many sandwiches does Alexander have now?,59,Alexander owns 50 tennis balls. The club replaces 47 old tennis balls. How many tennis balls does Alexander have now?,3,97,46,13,50,47
Lucas has 44 candies in their bag. Their teacher gives them 42 more candies. How many candies does Lucas have now?,86,"The job estimates 21 hours of labor. After 13 hours, how much work remains?",8,34,44,42,21,13
Lucas has 35 candies in their bag. Their teacher gives them 29 more candies. How many candies does Lucas have now?,64,"The job estimates 25 hours of labor. After 15 hours, how much work remains?",10,40,35,29,25,15
Olivia buys 47 juice boxes. The store adds 41 bonus juice boxes. How many juice boxes does Olivia have now?,88,The machine processes 39 items daily. 15 items complete. How many items remain?,24,54,47,41,39,15
Olivia buys 23 juice boxes. The store adds 3 bonus juice boxes. How many juice boxes does Olivia have now?,26,The machine processes 6 items daily. 1 items complete. How many items remain?,5,7,23,3,6,1
Michael has 44 baseballs. Their coach provides 32 more baseballs. How many baseballs does Michael have now?,76,The puzzle has 17 pieces. Michael connects 9 pieces. How many pieces remain?,8,26,44,32,17,9
Michael has 17 baseballs. Their coach provides 16 more baseballs. How many baseballs does Michael have now?,33,The puzzle has 10 pieces. Michael connects 8 pieces. How many pieces remain?,2,18,17,16,10,8
Zoe owns 8 tennis balls. The club gives them 1 new tennis balls. How many tennis balls does Zoe have now?,9,"The therapy lasts 28 weeks. After 7 weeks, how much longer will it continue?",21,35,8,1,28,7
Zoe owns 24 tennis balls. The club gives them 14 new tennis balls. How many tennis balls does Zoe have now?,38,"The therapy lasts 44 weeks. After 28 weeks, how much longer will it continue?",16,72,24,14,44,28
Mia has 48 basketballs. Their team receives 4 additional basketballs. How many basketballs does Mia have now?,52,The cleanup targets 31 tons of waste. Volunteers remove 28 tons. How much waste remains?,3,59,48,4,31,28
Mia has 43 basketballs. Their team receives 7 additional basketballs. How many basketballs does Mia have now?,50,The cleanup targets 45 tons of waste. Volunteers remove 42 tons. How much waste remains?,3,87,43,7,45,42
Emma brings 17 soccer balls to practice. The league contributes 7 more soccer balls. How many soccer balls does Emma have now?,24,Emma saves 27 coins. Their piggybank loses 24 coins. How many coins does Emma have now?,3,51,17,7,27,24
Emma brings 30 soccer balls to practice. The league contributes 5 more soccer balls. How many soccer balls does Emma have now?,35,Emma saves 14 coins. Their piggybank loses 9 coins. How many coins does Emma have now?,5,23,30,5,14,9
Mia has 31 hockey pucks. Their teammate shares 8 more hockey pucks. How many hockey pucks does Mia have now?,39,Mia has 13 crayons. Their art set is missing 5 crayons. How many crayons does Mia have now?,8,18,31,8,13,5
Mia has 5 hockey pucks. Their teammate shares 1 more hockey pucks. How many hockey pucks does Mia have now?,6,Mia has 37 crayons. Their art set is missing 7 crayons. How many crayons does Mia have now?,30,44,5,1,37,7
William has 12 crayons. Their art set includes 7 more crayons. How many crayons does William have now?,19,William makes 50 sandwiches. Their friends eat 16 sandwiches. How many sandwiches does William have now?,34,66,12,7,50,16
William has 15 crayons. Their art set includes 14 more crayons. How many crayons does William have now?,29,William makes 33 sandwiches. Their friends eat 31 sandwiches. How many sandwiches does William have now?,2,64,15,14,33,31
Jacob owns 26 paintbrushes. Their teacher gives them 9 new paintbrushes. How many paintbrushes does Jacob have now?,35,Jacob finds 26 seashells at the beach. The tide washes away 1 seashells. How many seashells does Jacob have now?,25,27,26,9,26,1
Jacob owns 29 paintbrushes. Their teacher gives them 23 new paintbrushes. How many paintbrushes does Jacob have now?,52,Jacob finds 31 seashells at the beach. The tide washes away 10 seashells. How many seashells does Jacob have now?,21,41,29,23,31,10
Harper has 11 sketchbooks. Their parents buy them 4 more sketchbooks. How many sketchbooks does Harper have now?,15,"The store stocks 37 phones. By closing, 32 phones are sold. What is the remaining inventory?",5,69,11,4,37,32
Harper has 49 sketchbooks. Their parents buy them 21 more sketchbooks. How many sketchbooks does Harper have now?,70,"The store stocks 20 phones. By closing, 7 phones are sold. What is the remaining inventory?",13,27,49,21,20,7
Emma collects 34 colored pencils. A new set contains 11 more colored pencils. How many colored pencils does Emma have now?,45,Emma has 5 building blocks. Their sibling takes 4 blocks from their tower. How many blocks does Emma have now?,1,9,34,11,5,4
Emma collects 40 colored pencils. A new set contains 5 more colored pencils. How many colored pencils does Emma have now?,45,Emma has 13 building blocks. Their sibling takes 2 blocks from their tower. How many blocks does Emma have now?,11,15,40,5,13,2
Chloe has 9 clay pots. Their art class makes 4 additional clay pots. How many clay pots does Chloe have now?,13,Chloe has 17 hats. Their collection decreases by 13 hats. How many hats does Chloe have now?,4,30,9,4,17,13
Chloe has 41 clay pots. Their art class makes 6 additional clay pots. How many clay pots does Chloe have now?,47,Chloe has 39 hats. Their collection decreases by 3 hats. How many hats does Chloe have now?,36,42,41,6,39,3
Mia has 38 storybooks. The library lends them 34 more storybooks. How many storybooks does Mia have now?,72,The collection contains 44 coins. Mia sells 38 coins. How many coins remain?,6,82,38,34,44,38
Mia has 27 storybooks. The library lends them 5 more storybooks. How many storybooks does Mia have now?,32,The collection contains 22 coins. Mia sells 9 coins. How many coins remain?,13,31,27,5,22,9
Chloe owns 31 comic books. A friend gives them 11 more comic books. How many comic books does Chloe have now?,42,The concert starts in 43 minutes. Chloe needs 20 minutes to get ready. What is the latest possible departure time?,23,63,31,11,43,20
Chloe owns 41 comic books. A friend gives them 37 more comic books. How many comic books does Chloe have now?,78,The concert starts in 50 minutes. Chloe needs 5 minutes to get ready. What is the latest possible departure time?,45,55,41,37,50,5
Olivia collects 24 magazines. Their subscription delivers 3 new magazines. How many magazines does Olivia have now?,27,Olivia has 18 basketballs. Their team donates 5 basketballs. How many basketballs does Olivia have now?,13,23,24,3,18,5
Olivia collects 20 magazines. Their subscription delivers 6 new magazines. How many magazines does Olivia have now?,26,Olivia has 17 basketballs. Their team donates 12 basketballs. How many basketballs does Olivia have now?,5,29,20,6,17,12
Daniel has 41 picture books. Their relative sends 34 more picture books. How many picture books does Daniel have now?,75,Daniel collects 36 mangoes. They share 20 mangoes with their neighbor. How many mangoes does Daniel have now?,16,56,41,34,36,20
Daniel has 9 picture books. Their relative sends 2 more picture books. How many picture books does Daniel have now?,11,Daniel collects 44 mangoes. They share 7 mangoes with their neighbor. How many mangoes does Daniel have now?,37,51,9,2,44,7
Harper reads 19 chapter books. Their school provides 10 additional chapter books. How many chapter books does Harper have now?,29,Harper has 37 sketchbooks. Their parents archive 10 old sketchbooks. How many sketchbooks does Harper have now?,27,47,19,10,37,10
Harper reads 47 chapter books. Their school provides 22 additional chapter books. How many chapter books does Harper have now?,69,Harper has 40 sketchbooks. Their parents archive 14 old sketchbooks. How many sketchbooks does Harper have now?,26,54,47,22,40,14
Henry has 18 t-shirts. Their laundry includes 17 more t-shirts. How many t-shirts does Henry have now?,35,The reserve protects 45 acres. Development reduces it by 41 acres. What is the current size?,4,86,18,17,45,41
Henry has 42 t-shirts. Their laundry includes 28 more t-shirts. How many t-shirts does Henry have now?,70,The reserve protects 33 acres. Development reduces it by 17 acres. What is the current size?,16,50,42,28,33,17
Matthew owns 37 pairs of socks. Their package contains 28 extra pairs of socks. How many pairs of socks does Matthew have now?,65,The recipe calls for 19 grams of flour. Matthew uses 2 grams. How much flour remains?,17,21,37,28,19,2
Matthew owns 46 pairs of socks. Their package contains 10 extra pairs of socks. How many pairs of socks does Matthew have now?,56,The recipe calls for 37 grams of flour. Matthew uses 1 grams. How much flour remains?,36,38,46,10,37,1
Grace has 11 hats. Their collection grows by 7 more hats. How many hats does Grace have now?,18,"The oven needs 39 minutes to preheat. After 36 minutes, how much longer is needed?",3,75,11,7,39,36
Grace has 21 hats. Their collection grows by 12 more hats. How many hats does Grace have now?,33,"The oven needs 10 minutes to preheat. After 1 minutes, how much longer is needed?",9,11,21,12,10,1
Nathan wears 24 jackets. Their closet stores 18 additional jackets. How many jackets does Nathan have now?,42,"Nathan counts 17 birds in the morning. By afternoon, 4 birds fly away. How many birds does Nathan see now?",13,21,24,18,17,4
Nathan wears 49 jackets. Their closet stores 10 additional jackets. How many jackets does Nathan have now?,59,"Nathan counts 28 birds in the morning. By afternoon, 20 birds fly away. How many birds does Nathan see now?",8,48,49,10,28,20
Isla has 13 pairs of shoes. Their family buys them 7 more pairs of shoes. How many pairs of shoes does Isla have now?,20,Isla owns 17 toy cars. They donate 6 toy cars to charity. How many toy cars does Isla have now?,11,23,13,7,17,6
Isla has 28 pairs of shoes. Their family buys them 26 more pairs of shoes. How many pairs of shoes does Isla have now?,54,Isla owns 49 toy cars. They donate 22 toy cars to charity. How many toy cars does Isla have now?,27,71,28,26,49,22
Chloe saves 19 coins. Their piggybank gains 6 more coins. How many coins does Chloe have now?,25,Chloe brings 49 dollars to the store. They spend 16 dollars. What amount remains?,33,65,19,6,49,16
Chloe saves 26 coins. Their piggybank gains 2 more coins. How many coins does Chloe have now?,28,Chloe brings 46 dollars to the store. They spend 7 dollars. What amount remains?,39,53,26,2,46,7
Nora has 14 keys on their keychain. They add 8 more keys. How many keys does Nora have now?,22,The shipment contains 32 products. 8 products are damaged. How many are intact?,24,40,14,8,32,8
Nora has 16 keys on their keychain. They add 4 more keys. How many keys does Nora have now?,20,The shipment contains 24 products. 10 products are damaged. How many are intact?,14,34,16,4,24,10
James collects 27 bottle caps. Their friend contributes 11 more bottle caps. How many bottle caps does James have now?,38,"The generator provides 44 hours of power. After 13 hours, how much runtime remains?",31,57,27,11,44,13
James collects 43 bottle caps. Their friend contributes 33 more bottle caps. How many bottle caps does James have now?,76,"The generator provides 19 hours of power. After 12 hours, how much runtime remains?",7,31,43,33,19,12
Jacob has 9 photos in their album. They print 5 more photos. How many photos does Jacob have now?,14,"The bus has 23 passengers. At the stop, 1 passengers exit. How many continue the ride?",22,24,9,5,23,1
Jacob has 8 photos in their album. They print 5 more photos. How many photos does Jacob have now?,13,"The bus has 13 passengers. At the stop, 10 passengers exit. How many continue the ride?",3,23,8,5,13,10
Mia owns 29 video games. The store delivers 20 new video games. How many video games does Mia have now?,49,The fitness goal is 24 steps daily. Mia records 11 steps. How many more steps are needed?,13,35,29,20,24,11
Mia owns 26 video games. The store delivers 19 new video games. How many video games does Mia have now?,45,The fitness goal is 34 steps daily. Mia records 8 steps. How many more steps are needed?,26,42,26,19,34,8
Henry has 25 minutes to complete a task. The supervisor grants 14 additional minutes. What is the new total time?,39,The download requires 47 megabytes. 28 megabytes complete. How much data remains?,19,75,25,14,47,28
Henry has 44 minutes to complete a task. The supervisor grants 8 additional minutes. What is the new total time?,52,The download requires 41 megabytes. 21 megabytes complete. How much data remains?,20,62,44,8,41,21
The concert starts in 21 minutes. Harper's commute takes 14 minutes longer than expected. What is the adjusted arrival time?,35,The prescription has 21 doses. Harper takes 17 doses. How many doses remain?,4,38,21,14,21,17
The concert starts in 46 minutes. Harper's commute takes 19 minutes longer than expected. What is the adjusted arrival time?,65,The prescription has 22 doses. Harper takes 13 doses. How many doses remain?,9,35,46,19,22,13
Grace's meeting lasts 26 minutes. The agenda extends it by 22 minutes. What is the new duration?,48,The warehouse has 28 boxes. Grace ships out 22 boxes. How many boxes remain stored?,6,50,26,22,28,22
Grace's meeting lasts 21 minutes. The agenda extends it by 10 minutes. What is the new duration?,31,The warehouse has 49 boxes. Grace ships out 12 boxes. How many boxes remain stored?,37,61,21,10,49,12
The flight duration is 39 hours. The pilot adds 21 hours due to weather. What is the new total flight time?,60,Henry has 29 apples. Their friend takes 26 apples. How many apples does Henry have now?,3,55,39,21,29,26
The flight duration is 30 hours. The pilot adds 22 hours due to weather. What is the new total flight time?,52,Henry has 31 apples. Their friend takes 15 apples. How many apples does Henry have now?,16,46,30,22,31,15
Henry practices piano for 49 minutes daily. Today they added 11 extra minutes. What was the total practice time?,60,The event budget is 34 dollars. 31 dollars are spent. How much remains?,3,65,49,11,34,31
Henry practices piano for 20 minutes daily. Today they added 17 extra minutes. What was the total practice time?,37,The event budget is 44 dollars. 6 dollars are spent. How much remains?,38,50,20,17,44,6
Chloe's account shows 14 dollars. A deposit of 3 dollars is added. What is the new balance?,17,The library has 45 available books. Chloe checks out 20 books. How many stay on shelves?,25,65,14,3,45,20
Chloe's account shows 31 dollars. A deposit of 14 dollars is added. What is the new balance?,45,The library has 41 available books. Chloe checks out 5 books. How many stay on shelves?,36,46,31,14,41,5
The item costs 14 dollars. The price increases by 12 dollars. What is the new cost?,26,Nathan brings 42 soccer balls to practice. The league redistributes 37 soccer balls. How many soccer balls does Nathan have now?,5,79,14,12,42,37
The item costs 17 dollars. The price increases by 5 dollars. What is the new cost?,22,Nathan brings 46 soccer balls to practice. The league redistributes 25 soccer balls. How many soccer balls does Nathan have now?,21,71,17,5,46,25
Jack budgets 50 dollars for groceries. An unexpected 7 dollar expense arises. What is the revised budget?,57,Jack has 46 t-shirts. Their laundry loses 1 t-shirts. How many t-shirts does Jack have now?,45,47,50,7,46,1
Jack budgets 13 dollars for groceries. An unexpected 12 dollar expense arises. What is the revised budget?,25,Jack has 29 t-shirts. Their laundry loses 8 t-shirts. How many t-shirts does Jack have now?,21,37,13,12,29,8
The fundraiser goal is 37 dollars. The target increases by 16 dollars. What is the new goal amount?,53,Michael has 31 pairs of shoes. Their family replaces 2 old pairs of shoes. How many pairs of shoes does Michael have now?,29,33,37,16,31,2
The fundraiser goal is 44 dollars. The target increases by 34 dollars. What is the new goal amount?,78,Michael has 9 pairs of shoes. Their family replaces 8 old pairs of shoes. How many pairs of shoes does Michael have now?,1,17,44,34,9,8
"Grace earns 41 dollars weekly. With 33 dollars in bonuses, what is the total compensation?",74,The container holds 50 liters. Grace pours out 29 liters. What is the remaining capacity?,21,79,41,33,50,29
"Grace earns 37 dollars weekly. With 29 dollars in bonuses, what is the total compensation?",66,The container holds 29 liters. Grace pours out 27 liters. What is the remaining capacity?,2,56,37,29,29,27
The container holds 42 liters. Nathan adds 18 more liters. What is the new volume?,60,"The schedule allows 30 minutes per speaker. After 9 minutes, how much time remains?",21,39,42,18,30,9
The container holds 42 liters. Nathan adds 16 more liters. What is the new volume?,58,"The schedule allows 35 minutes per speaker. After 32 minutes, how much time remains?",3,67,42,16,35,32
The rope measures 47 meters. Alexander attaches 19 more meters. What is the total length?,66,Alexander buys 30 juice boxes. Their classmates drink 3 juice boxes. How many juice boxes does Alexander have now?,27,33,47,19,30,3
The rope measures 36 meters. Alexander attaches 6 more meters. What is the total length?,42,Alexander buys 23 juice boxes. Their classmates drink 11 juice boxes. How many juice boxes does Alexander have now?,12,34,36,6,23,11
The building is 28 feet tall. The antenna adds 11 feet to its height. What is the new elevation?,39,Benjamin has 26 baseballs. Their coach takes 23 baseballs for practice. How many baseballs does Benjamin have now?,3,49,28,11,26,23
The building is 28 feet tall. The antenna adds 2 feet to its height. What is the new elevation?,30,Benjamin has 36 baseballs. Their coach takes 30 baseballs for practice. How many baseballs does Benjamin have now?,6,66,28,2,36,30
The package weighs 39 kilograms. Additional contents add 2 kilograms. What is the new weight?,41,Henry has 28 candies in their bag. Their teacher takes 13 candies. How many candies does Henry have now?,15,41,39,2,28,13
The package weighs 26 kilograms. Additional contents add 16 kilograms. What is the new weight?,42,Henry has 50 candies in their bag. Their teacher takes 37 candies. How many candies does Henry have now?,13,87,26,16,50,37
The pool contains 49 gallons. The hose adds 48 more gallons. What is the total volume?,97,The plot fits 28 vegetables. James harvests 18 vegetables. How many vegetables remain?,10,46,49,48,28,18
The pool contains 33 gallons. The hose adds 15 more gallons. What is the total volume?,48,The plot fits 36 vegetables. James harvests 15 vegetables. How many vegetables remain?,21,51,33,15,36,15
The store stocks 3 phones. A shipment adds 2 more phones. What is the new stock?,5,Alexander reads 29 chapter books. Their school collects 16 chapter books for inventory. How many chapter books does Alexander have now?,13,45,3,2,29,16
The store stocks 45 phones. A shipment adds 26 more phones. What is the new stock?,71,Alexander reads 23 chapter books. Their school collects 22 chapter books for inventory. How many chapter books does Alexander have now?,1,45,45,26,23,22
The warehouse has 44 boxes. A delivery brings 2 more boxes. What is the current count?,46,"The phone has 39% battery. After 37% is used, what percentage remains?",2,76,44,2,39,37
The warehouse has 31 boxes. A delivery brings 6 more boxes. What is the current count?,37,"The phone has 29% battery. After 5% is used, what percentage remains?",24,34,31,6,29,5
The library has 22 available books. New acquisitions add 7 books. What is the updated collection?,29,The suitcase holds 18 kilograms. Emma packs 13 kilograms. How much more weight is allowed?,5,31,22,7,18,13
The library has 19 available books. New acquisitions add 14 books. What is the updated collection?,33,The suitcase holds 23 kilograms. Emma packs 13 kilograms. How much more weight is allowed?,10,36,19,14,23,13
The bakery prepares 43 loaves. The afternoon batch makes 5 more loaves. What is the total production?,48,Alexander collects 24 bottle caps. Their friend takes 8 bottle caps for a project. How many bottle caps does Alexander have now?,16,32,43,5,24,8
The bakery prepares 50 loaves. The afternoon batch makes 2 more loaves. What is the total production?,52,Alexander collects 43 bottle caps. Their friend takes 3 bottle caps for a project. How many bottle caps does Alexander have now?,40,46,50,2,43,3
The farm has 41 chickens. New hatchlings increase the flock by 10. What is the new population?,51,The storage has 14 gigabytes free. Amelia saves 1 gigabytes of photos. How much space remains?,13,15,41,10,14,1
The farm has 31 chickens. New hatchlings increase the flock by 23. What is the new population?,54,The storage has 32 gigabytes free. Amelia saves 22 gigabytes of photos. How much space remains?,10,54,31,23,32,22
The exam has 40 questions. The teacher adds 39 bonus questions. What is the new total?,79,The budget allows 25 dollars. Alexander spends 6 dollars. How much remains?,19,31,40,39,25,6
The exam has 21 questions. The teacher adds 4 bonus questions. What is the new total?,25,The budget allows 49 dollars. Alexander spends 46 dollars. How much remains?,3,95,21,4,49,46
The assignment requires 27 pages. The professor extends it by 23 pages. What is the new requirement?,50,Ethan collects 38 colored pencils. A set gets damaged and loses 25 colored pencils. How many colored pencils does Ethan have now?,13,63,27,23,38,25
The assignment requires 39 pages. The professor extends it by 16 pages. What is the new requirement?,55,Ethan collects 14 colored pencils. A set gets damaged and loses 2 colored pencils. How many colored pencils does Ethan have now?,12,16,39,16,14,2
The textbook has 45 chapters. The new edition adds 39 chapters. What is the updated count?,84,The solar panel produces 46 watts daily. 20 watts are consumed. What is the net production?,26,66,45,39,46,20
The textbook has 25 chapters. The new edition adds 3 chapters. What is the updated count?,28,The solar panel produces 29 watts daily. 22 watts are consumed. What is the net production?,7,51,25,3,29,22
The course offers 29 credit hours. Michael adds 12 audit hours. What is the total course load?,41,The scoreboard shows 33 points. The referee deducts 7 points. What is the adjusted score?,26,40,29,12,33,7
The course offers 47 credit hours. Michael adds 10 audit hours. What is the total course load?,57,The scoreboard shows 42 points. The referee deducts 30 points. What is the adjusted score?,12,72,47,10,42,30
The lab has 41 experiments. The curriculum adds 35 new experiments. What is the updated schedule?,76,"The building is 35 feet tall. The top floor is removed, reducing height by 18 feet. What is the current height?",17,53,41,35,35,18
The lab has 48 experiments. The curriculum adds 38 new experiments. What is the updated schedule?,86,"The building is 32 feet tall. The top floor is removed, reducing height by 15 feet. What is the current height?",17,47,48,38,32,15
"The bus has 7 passengers. At the stop, 3 passengers board. What is the new passenger count?",10,The loyalty card has 22 points. Alexander redeems 8 points. How many points remain?,14,30,7,3,22,8
"The bus has 50 passengers. At the stop, 30 passengers board. What is the new passenger count?",80,The loyalty card has 30 points. Alexander redeems 8 points. How many points remain?,22,38,50,30,30,8
The train makes 33 stops. The schedule adds 21 express stops. What is the updated itinerary?,54,The gallery displays 41 paintings. 25 paintings go on tour. How many remain on view?,16,66,33,21,41,25
The train makes 15 stops. The schedule adds 6 express stops. What is the updated itinerary?,21,The gallery displays 13 paintings. 8 paintings go on tour. How many remain on view?,5,21,15,6,13,8
The plane has 19 empty seats. 9 passengers cancel their tickets. How many seats become available?,28,"The flight duration is 18 hours. After 11 hours in the air, how much longer until landing?",7,29,19,9,18,11
The plane has 7 empty seats. 2 passengers cancel their tickets. How many seats become available?,9,"The flight duration is 35 hours. After 13 hours in the air, how much longer until landing?",22,48,7,2,35,13
The parking lot has 46 spaces. 31 reserved spaces are added. What is the new capacity?,77,Harper has 28 pencils. The teacher collects 16 pencils. How many pencils does Harper have now?,12,44,46,31,28,16
The parking lot has 30 spaces. 26 reserved spaces are added. What is the new capacity?,56,Harper has 43 pencils. The teacher collects 32 pencils. How many pencils does Harper have now?,11,75,30,26,43,32
The highway project needs 46 workers. 16 temporary workers join. What is the current workforce?,62,"The tree grows 16 centimeters yearly. After 7 centimeters are trimmed, what is the net growth?",9,23,46,16,16,7
The highway project needs 25 workers. 16 temporary workers join. What is the current workforce?,41,"The tree grows 21 centimeters yearly. After 19 centimeters are trimmed, what is the net growth?",2,40,25,16,21,19
The item originally costs 29 dollars. The premium version costs 24 dollars more. What is the upgraded price?,53,"The workday is 35 hours long. After 23 hours, how much time remains?",12,58,29,24,35,23
The item originally costs 24 dollars. The premium version costs 23 dollars more. What is the upgraded price?,47,"The workday is 37 hours long. After 22 hours, how much time remains?",15,59,24,23,37,22
Daniel brings 22 dollars to the store. They find 4 dollars in their pocket. What is their total cash?,26,Daniel owns 18 video games. The store recalls 8 video games. How many video games does Daniel have now?,10,26,22,4,18,8
Daniel brings 13 dollars to the store. They find 4 dollars in their pocket. What is their total cash?,17,Daniel owns 50 video games. The store recalls 45 video games. How many video games does Daniel have now?,5,95,13,4,50,45
The shopping list has 19 items. Henry remembers 17 more items. What is the updated list count?,36,Henry has 49 storybooks. The library recalls 31 storybooks. How many storybooks does Henry have now?,18,80,19,17,49,31
The shopping list has 8 items. Henry remembers 7 more items. What is the updated list count?,15,Henry has 40 storybooks. The library recalls 19 storybooks. How many storybooks does Henry have now?,21,59,8,7,40,19
The coupon saves 21 dollars. The cashier applies 1 dollars in additional savings. What is the total discount?,22,The item originally costs 20 dollars. The discount reduces it by 8 dollars. What is the sale price?,12,28,21,1,20,8
The coupon saves 4 dollars. The cashier applies 1 dollars in additional savings. What is the total discount?,5,The item originally costs 47 dollars. The discount reduces it by 35 dollars. What is the sale price?,12,82,4,1,47,35
The loyalty card has 42 points. The bonus offer adds 32 points. What is the new point balance?,74,The plane has 20 empty seats. 5 standby passengers are accommodated. How many seats remain?,15,25,42,32,20,5
The loyalty card has 13 points. The bonus offer adds 1 points. What is the new point balance?,14,The plane has 30 empty seats. 11 standby passengers are accommodated. How many seats remain?,19,41,13,1,30,11
The recipe calls for 33 grams of flour. Alexander decides to add 5 more grams. What is the new measurement?,38,Alexander has 32 clay pots. Their art class breaks 4 clay pots. How many clay pots does Alexander have now?,28,36,33,5,32,4
The recipe calls for 11 grams of flour. Alexander decides to add 3 more grams. What is the new measurement?,14,Alexander has 38 clay pots. Their art class breaks 4 clay pots. How many clay pots does Alexander have now?,34,42,11,3,38,4
The oven needs 9 minutes to preheat. The recipe suggests 7 extra minutes. What is the total preheat time?,16,"The contract lasts 38 months. After 20 months, how much time remains?",18,58,9,7,38,20
The oven needs 35 minutes to preheat. The recipe suggests 25 extra minutes. What is the total preheat time?,60,"The contract lasts 41 months. After 15 months, how much time remains?",26,56,35,25,41,15
The batch makes 39 cookies. Daniel bakes 28 more cookies. What is the total yield?,67,Daniel finds 30 erasers in their desk. They lose 10 erasers. How many erasers does Daniel have now?,20,40,39,28,30,10
The batch makes 41 cookies. Daniel bakes 7 more cookies. What is the total yield?,48,Daniel finds 41 erasers in their desk. They lose 4 erasers. How many erasers does Daniel have now?,37,45,41,7,41,4
The stew requires 12 hours to cook. The chef extends cooking by 4 hours. What is the new duration?,16,Thomas wears 15 jackets. Their closet donates 5 jackets. How many jackets does Thomas have now?,10,20,12,4,15,5
The stew requires 6 hours to cook. The chef extends cooking by 2 hours. What is the new duration?,8,Thomas wears 13 jackets. Their closet donates 9 jackets. How many jackets does Thomas have now?,4,22,6,2,13,9
The jar holds 46 servings. James prepares 39 extra servings. What is the new total?,85,The exam has 28 questions. James answers 15 questions. How many questions remain?,13,43,46,39,28,15
The jar holds 46 servings. James prepares 30 extra servings. What is the new total?,76,The exam has 32 questions. James answers 10 questions. How many questions remain?,22,42,46,30,32,10
The garden has 18 plants. William transplants 7 new plants. What is the new plant count?,25,The video is 45 minutes long. William watches 15 minutes. How much video remains?,30,60,18,7,45,15
The garden has 43 plants. William transplants 10 new plants. What is the new plant count?,53,The video is 29 minutes long. William watches 4 minutes. How much video remains?,25,33,43,10,29,4
The flowerbed needs 12 liters of water. The rainfall provides 5 additional liters. What is the total hydration?,17,The guest list has 19 people. 5 people cancel. How many attendees are expected?,14,24,12,5,19,5
The flowerbed needs 20 liters of water. The rainfall provides 15 additional liters. What is the total hydration?,35,The guest list has 40 people. 37 people cancel. How many attendees are expected?,3,77,20,15,40,37
The seed packet contains 40 seeds. Olivia receives 3 bonus seeds. What is the new total?,43,The coupon saves 36 dollars. The fine print deducts 32 dollars from the savings. What is the net discount?,4,68,40,3,36,32
The seed packet contains 45 seeds. Olivia receives 37 bonus seeds. What is the new total?,82,The coupon saves 22 dollars. The fine print deducts 20 dollars from the savings. What is the net discount?,2,42,45,37,22,20
The tree grows 50 centimeters yearly. Fertilizer adds 49 extra centimeters. What is the total growth?,99,The order requires 38 components. The bin has 3 components. How many more are needed?,35,41,50,49,38,3
The tree grows 33 centimeters yearly. Fertilizer adds 19 extra centimeters. What is the total growth?,52,The order requires 28 components. The bin has 23 components. How many more are needed?,5,51,33,19,28,23
The plot fits 37 vegetables. Succession planting adds 3 more vegetables. What is the new capacity?,40,The battery stores 27 kilowatt-hours. 25 kilowatt-hours are used. How much energy remains?,2,52,37,3,27,25
The plot fits 27 vegetables. Succession planting adds 17 more vegetables. What is the new capacity?,44,The battery stores 31 kilowatt-hours. 3 kilowatt-hours are used. How much energy remains?,28,34,27,17,31,3
The phone has 50% battery. Charging adds 32% power. What is the new battery level?,82,The jar holds 25 servings. Matthew consumes 20 servings. How many servings remain?,5,45,50,32,25,20
The phone has 50% battery. Charging adds 4% power. What is the new battery level?,54,The jar holds 42 servings. Matthew consumes 29 servings. How many servings remain?,13,71,50,4,42,29
The download requires 46 megabytes. The update adds 32 more megabytes. What is the new total size?,78,Henry has 30 markers. Their art teacher removes 29 markers from their collection. How many markers does Henry have now?,1,59,46,32,30,29
The download requires 21 megabytes. The update adds 18 more megabytes. What is the new total size?,39,Henry has 42 markers. Their art teacher removes 39 markers from their collection. How many markers does Henry have now?,3,81,21,18,42,39
The storage has 34 gigabytes free. Cloud storage adds 18 gigabytes. What is the new capacity?,52,James has 37 board games. Their family gives away 27 board games. How many board games does James have now?,10,64,34,18,37,27
The storage has 17 gigabytes free. Cloud storage adds 15 gigabytes. What is the new capacity?,32,James has 28 board games. Their family gives away 27 board games. How many board games does James have now?,1,55,17,15,28,27
The video is 34 minutes long. Bonus content adds 9 minutes. What is the extended runtime?,43,"The cruise has 14 ports of call. After 10 stops, how many ports remain?",4,24,34,9,14,10
The video is 39 minutes long. Bonus content adds 38 minutes. What is the extended runtime?,77,"The cruise has 48 ports of call. After 20 stops, how many ports remain?",28,68,39,38,48,20
The app has 30 daily uses allowed. The premium version adds 18 more uses. What is the new limit?,48,The blueprint requires 33 boards. Chloe cuts 10 boards. How many more are needed?,23,43,30,18,33,10
The app has 23 daily uses allowed. The premium version adds 18 more uses. What is the new limit?,41,The blueprint requires 32 boards. Chloe cuts 12 boards. How many more are needed?,20,44,23,18,32,12
The game has 31 innings. Extra innings add 30 more. What is the total inning count?,61,Thomas grows 36 strawberries. 25 strawberries get eaten by birds. How many strawberries does Thomas have now?,11,61,31,30,36,25
The game has 47 innings. Extra innings add 25 more. What is the total inning count?,72,Thomas grows 22 strawberries. 16 strawberries get eaten by birds. How many strawberries does Thomas have now?,6,38,47,25,22,16
The scoreboard shows 34 points. The bonus round adds 22 points. What is the new total?,56,Jacob plants 11 flowers. A storm damages 8 flowers. How many flowers does Jacob have now?,3,19,34,22,11,8
The scoreboard shows 35 points. The bonus round adds 30 points. What is the new total?,65,Jacob plants 30 flowers. A storm damages 4 flowers. How many flowers does Jacob have now?,26,34,35,30,30,4
The tournament has 28 rounds. The format change adds 21 qualifying rounds. What is the new structure?,49,James has 48 picture books. Their relative asks for 10 picture books back. How many picture books does James have now?,38,58,28,21,48,10
The tournament has 32 rounds. The format change adds 26 qualifying rounds. What is the new structure?,58,James has 11 picture books. Their relative asks for 2 picture books back. How many picture books does James have now?,9,13,32,26,11,2
The athlete needs 46 meters to win. The course extends by 26 meters. What is the new distance?,72,The textbook has 23 chapters. Alexander studies 20 chapters. How many chapters remain?,3,43,46,26,23,20
The athlete needs 22 meters to win. The course extends by 21 meters. What is the new distance?,43,The textbook has 43 chapters. Alexander studies 6 chapters. How many chapters remain?,37,49,22,21,43,6
The team has 17 timeouts. The official grants 10 additional timeouts. What is the new allowance?,27,The tank holds 36 liters of fuel. Lucas uses 3 liters. How much fuel remains?,33,39,17,10,36,3
The team has 42 timeouts. The official grants 7 additional timeouts. What is the new allowance?,49,The tank holds 16 liters of fuel. Lucas uses 12 liters. How much fuel remains?,4,28,42,7,16,12
The prescription has 35 doses. The refill adds 27 more doses. What is the new total?,62,Daniel brings 20 notebooks to class. A classmate borrows 12 notebooks. How many notebooks does Daniel have now?,8,32,35,27,20,12
The prescription has 12 doses. The refill adds 3 more doses. What is the new total?,15,Daniel brings 38 notebooks to class. A classmate borrows 12 notebooks. How many notebooks does Daniel have now?,26,50,12,3,38,12
The treatment requires 42 sessions. The doctor adds 17 follow-up sessions. What is the new schedule?,59,The quota requires 41 sales. William makes 16 sales. How many more are needed?,25,57,42,17,41,16
The treatment requires 44 sessions. The doctor adds 1 follow-up sessions. What is the new schedule?,45,The quota requires 31 sales. William makes 9 sales. How many more are needed?,22,40,44,1,31,9
The patient needs 20 milligrams of medicine. The dosage increases by 18 milligrams. What is the new requirement?,38,"The game has 31 innings. After 29 innings, how many remain?",2,60,20,18,31,29
The patient needs 30 milligrams of medicine. The dosage increases by 12 milligrams. What is the new requirement?,42,"The game has 12 innings. After 2 innings, how many remain?",10,14,30,12,12,2
The therapy lasts 21 weeks. The extension adds 7 more weeks. What is the new duration?,28,Ethan buys 46 bananas. The cashier takes back 17 bananas. How many bananas does Ethan have now?,29,63,21,7,46,17
The therapy lasts 24 weeks. The extension adds 19 more weeks. What is the new duration?,43,Ethan buys 8 bananas. The cashier takes back 2 bananas. How many bananas does Ethan have now?,6,10,24,19,8,2
The fitness goal is 40 steps daily. The challenge increases by 32 steps. What is the new target?,72,"The package weighs 19 kilograms. After removing 1 kilograms, what is the current weight?",18,20,40,32,19,1
The fitness goal is 42 steps daily. The challenge increases by 3 steps. What is the new target?,45,"The package weighs 40 kilograms. After removing 23 kilograms, what is the current weight?",17,63,42,3,40,23
The project has 39 tasks. The scope expands by 24 tasks. What is the new workload?,63,Ava practices piano for 30 minutes daily. Today they stopped after 2 minutes. How much practice was skipped?,28,32,39,24,30,2
The project has 22 tasks. The scope expands by 14 tasks. What is the new workload?,36,Ava practices piano for 48 minutes daily. Today they stopped after 9 minutes. How much practice was skipped?,39,57,22,14,48,9
The workday is 35 hours long. Overtime adds 33 hours. What is the new shift length?,68,The project needs 36 nails. The box contains 24 nails. How many additional nails are needed?,12,60,35,33,36,24
The workday is 20 hours long. Overtime adds 11 hours. What is the new shift length?,31,The project needs 18 nails. The box contains 16 nails. How many additional nails are needed?,2,34,20,11,18,16
The quota requires 45 sales. The target increases by 44 sales. What is the new goal?,89,Zoe has 50 minutes to complete a task. The timer shows 15 minutes have passed. What is the current remaining time?,35,65,45,44,50,15
The quota requires 37 sales. The target increases by 24 sales. What is the new goal?,61,Zoe has 27 minutes to complete a task. The timer shows 26 minutes have passed. What is the current remaining time?,1,53,37,24,27,26
The budget allows 18 dollars. Additional funding provides 4 dollars. What is the new budget?,22,"The trip covers 27 kilometers. After 1 kilometers, how much farther is the destination?",26,28,18,4,27,1
The budget allows 8 dollars. Additional funding provides 6 dollars. What is the new budget?,14,"The trip covers 31 kilometers. After 12 kilometers, how much farther is the destination?",19,43,8,6,31,12
The contract lasts 41 months. The renewal adds 36 months. What is the new term?,77,Amelia has 32 keys on their keychain. They remove 1 keys. How many keys does Amelia have now?,31,33,41,36,32,1
The contract lasts 21 months. The renewal adds 16 months. What is the new term?,37,Amelia has 43 keys on their keychain. They remove 27 keys. How many keys does Amelia have now?,16,70,21,16,43,27
The trip covers 26 kilometers. The detour adds 15 kilometers. What is the new distance?,41,The circuit handles 36 amps safely. 9 amps are flowing. How much additional load is possible?,27,45,26,15,36,9
The trip covers 49 kilometers. The detour adds 45 kilometers. What is the new distance?,94,The circuit handles 25 amps safely. 22 amps are flowing. How much additional load is possible?,3,47,49,45,25,22
The vacation lasts 49 days. The airline extends it by 47 days. What is the new duration?,96,The rope measures 28 meters. Grace cuts off 19 meters. What length remains?,9,47,49,47,28,19
The vacation lasts 46 days. The airline extends it by 24 days. What is the new duration?,70,The rope measures 33 meters. Grace cuts off 27 meters. What length remains?,6,60,46,24,33,27
The suitcase holds 43 kilograms. The airline increases the limit by 23 kilograms. What is the new capacity?,66,The playlist has 25 songs. Henry skips 18 songs. How many songs will play?,7,43,43,23,25,18
The suitcase holds 23 kilograms. The airline increases the limit by 8 kilograms. What is the new capacity?,31,The playlist has 19 songs. Henry skips 7 songs. How many songs will play?,12,26,23,8,19,7
The itinerary includes 16 cities. Last-minute changes add 6 cities. What is the new plan?,22,The highway project needs 38 workers. 14 workers finish their shift. How many workers are needed?,24,52,16,6,38,14
The itinerary includes 36 cities. Last-minute changes add 17 cities. What is the new plan?,53,The highway project needs 11 workers. 10 workers finish their shift. How many workers are needed?,1,21,36,17,11,10
The cruise has 35 ports of call. Weather changes add 8 alternative ports. What is the new schedule?,43,"Zoe earns 10 dollars weekly. After 7 dollars in deductions, what is the take-home amount?",3,17,35,8,10,7
The cruise has 25 ports of call. Weather changes add 17 alternative ports. What is the new schedule?,42,"Zoe earns 49 dollars weekly. After 5 dollars in deductions, what is the take-home amount?",44,54,25,17,49,5
The guest list has 41 people. 3 last-minute RSVPs arrive. What is the new count?,44,The flowerbed needs 34 liters of water. Ethan adds 15 liters. How much more water is needed?,19,49,41,3,34,15
The guest list has 35 people. 20 last-minute RSVPs arrive. What is the new count?,55,The flowerbed needs 48 liters of water. Ethan adds 43 liters. How much more water is needed?,5,91,35,20,48,43
The venue seats 27 guests. Additional chairs increase capacity by 14. What is the new total?,41,Daniel owns 43 pairs of socks. Their washing machine ruins 2 pairs of socks. How many pairs of socks does Daniel have now?,41,45,27,14,43,2
The venue seats 33 guests. Additional chairs increase capacity by 29. What is the new total?,62,Daniel owns 45 pairs of socks. Their washing machine ruins 7 pairs of socks. How many pairs of socks does Daniel have now?,38,52,33,29,45,7
The event budget is 35 dollars. A sponsor contributes 19 dollars. What is the new budget?,54,The fundraiser goal is 40 dollars. William contributes 10 dollars. What is the remaining gap to the goal after the contribution?,30,50,35,19,40,10
The event budget is 46 dollars. A sponsor contributes 8 dollars. What is the new budget?,54,The fundraiser goal is 40 dollars. William contributes 28 dollars. What is the remaining gap to the goal after the contribution?,12,68,46,8,40,28
The schedule allows 37 minutes per speaker. The organizer adds 14 bonus minutes. What is the new limit?,51,The garden has 43 plants. Nora removes 42 weeds. How many desired plants remain?,1,85,37,14,43,42
The schedule allows 23 minutes per speaker. The organizer adds 15 bonus minutes. What is the new limit?,38,The garden has 29 plants. Nora removes 15 weeds. How many desired plants remain?,14,44,23,15,29,15
The conference has 29 sessions. The committee adds 11 breakout sessions. What is the new total?,40,Jacob has 28 photos in their album. They remove 24 photos. How many photos does Jacob have now?,4,52,29,11,28,24
The conference has 25 sessions. The committee adds 5 breakout sessions. What is the new total?,30,Jacob has 44 photos in their album. They remove 17 photos. How many photos does Jacob have now?,27,61,25,5,44,17
The blueprint requires 49 boards. The revision adds 24 more boards. What is the new requirement?,73,"The stew requires 32 hours to cook. After 3 hours, how much cooking time remains?",29,35,49,24,32,3
The blueprint requires 28 boards. The revision adds 12 more boards. What is the new requirement?,40,"The stew requires 5 hours to cook. After 3 hours, how much cooking time remains?",2,8,28,12,5,3
The project needs 38 nails. The supplier provides 33 extra nails. What is the new total?,71,The patient needs 24 milligrams of medicine. The nurse administers 4 milligrams. How much more is needed?,20,28,38,33,24,4
The project needs 38 nails. The supplier provides 15 extra nails. What is the new total?,53,The patient needs 15 milligrams of medicine. The nurse administers 3 milligrams. How much more is needed?,12,18,38,15,15,3
The wall needs 37 bricks. The design change requires 36 more bricks. What is the new count?,73,The conference has 29 sessions. Zoe attends 28 sessions. How many sessions remain?,1,57,37,36,29,28
The wall needs 44 bricks. The design change requires 26 more bricks. What is the new count?,70,The conference has 23 sessions. Zoe attends 12 sessions. How many sessions remain?,11,35,44,26,23,12
The job estimates 35 hours of labor. Complications add 14 hours. What is the new estimate?,49,William buys 11 donuts. Their family eats 1 donuts. How many donuts does William have now?,10,12,35,14,11,1
The job estimates 21 hours of labor. Complications add 11 hours. What is the new estimate?,32,William buys 26 donuts. Their family eats 14 donuts. How many donuts does William have now?,12,40,21,11,26,14
The order requires 28 tiles. The overage includes 9 extra tiles. What is the delivered quantity?,37,Thomas budgets 12 dollars for groceries. The receipt shows 10 dollars spent. How much remains in the budget?,2,22,28,9,12,10
The order requires 27 tiles. The overage includes 20 extra tiles. What is the delivered quantity?,47,Thomas budgets 39 dollars for groceries. The receipt shows 32 dollars spent. How much remains in the budget?,7,71,27,20,39,32
The production line makes 13 units per hour. Overtime adds 3 more units. What is the new output?,16,The air quality index shows 33 particles. Filters remove 28 particles. What is the improved reading?,5,61,13,3,33,28
The production line makes 47 units per hour. Overtime adds 15 more units. What is the new output?,62,The air quality index shows 26 particles. Filters remove 18 particles. What is the improved reading?,8,44,47,15,26,18
The machine processes 49 items daily. Maintenance increases capacity by 3 items. What is the new rate?,52,The order requires 37 tiles. Michael breaks 23 tiles. How many usable tiles remain?,14,60,49,3,37,23
The machine processes 38 items daily. Maintenance increases capacity by 28 items. What is the new rate?,66,The order requires 29 tiles. Michael breaks 1 tiles. How many usable tiles remain?,28,30,38,28,29,1
The quality check finds 20 defects. The tolerance allows 4 more defects. What is the acceptable range?,24,Ethan collects 42 magazines. Their subscription expires for 27 magazines. How many magazines does Ethan have now?,15,69,20,4,42,27
The quality check finds 41 defects. The tolerance allows 30 more defects. What is the acceptable range?,71,Ethan collects 22 magazines. Their subscription expires for 6 magazines. How many magazines does Ethan have now?,16,28,41,30,22,6
The shipment contains 14 products. The replacement adds 13 more products. What is the new inventory?,27,The forest has 29 trees. Loggers remove 19 trees. How many trees remain?,10,48,14,13,29,19
The shipment contains 13 products. The replacement adds 11 more products. What is the new inventory?,24,The forest has 48 trees. Loggers remove 42 trees. How many trees remain?,6,90,13,11,48,42
The order requires 38 components. The supplier includes 29 spare components. What is the delivered count?,67,Lily picks 31 oranges. They drop 25 oranges. How many oranges does Lily have now?,6,56,38,29,31,25
The order requires 30 components. The supplier includes 21 spare components. What is the delivered count?,51,Lily picks 43 oranges. They drop 41 oranges. How many oranges does Lily have now?,2,84,30,21,43,41
The battery stores 25 kilowatt-hours. Solar charging adds 10 kilowatt-hours. What is the new charge?,35,"Ava's meeting lasts 24 minutes. After 17 minutes, how much meeting time is left?",7,41,25,10,24,17
The battery stores 34 kilowatt-hours. Solar charging adds 25 kilowatt-hours. What is the new charge?,59,"Ava's meeting lasts 41 minutes. After 39 minutes, how much meeting time is left?",2,80,34,25,41,39
The tank holds 32 liters of fuel. Refueling adds 17 liters. What is the new quantity?,49,The production line makes 38 units per hour. Maintenance removes 13 units. What is the new output?,25,51,32,17,38,13
The tank holds 30 liters of fuel. Refueling adds 17 liters. What is the new quantity?,47,The production line makes 47 units per hour. Maintenance removes 29 units. What is the new output?,18,76,30,17,47,29
The generator provides 25 hours of power. Maintenance extends runtime by 12 hours. What is the new duration?,37,The athlete needs 41 meters to win. They complete 11 meters. How much farther is needed?,30,52,25,12,41,11
The generator provides 28 hours of power. Maintenance extends runtime by 25 hours. What is the new duration?,53,The athlete needs 20 meters to win. They complete 13 meters. How much farther is needed?,7,33,28,25,20,13
The solar panel produces 20 watts daily. Extra sunlight increases output by 9 watts. What is the adjusted production?,29,The app has 45 daily uses allowed. Samuel uses it 25 times. How many uses remain?,20,70,20,9,45,25
The solar panel produces 43 watts daily. Extra sunlight increases output by 26 watts. What is the adjusted production?,69,The app has 39 daily uses allowed. Samuel uses it 10 times. How many uses remain?,29,49,43,26,39,10
The circuit handles 26 amps safely. Upgrades increase capacity by 21 amps. What is the new limit?,47,"The vacation lasts 40 days. After 6 days, how many days remain?",34,46,26,21,40,6
The circuit handles 34 amps safely. Upgrades increase capacity by 24 amps. What is the new limit?,58,"The vacation lasts 23 days. After 5 days, how many days remain?",18,28,34,24,23,5
The forest has 14 trees. Replanting adds 4 new trees. What is the new count?,18,The batch makes 23 cookies. James eats 16 cookies. How many cookies remain?,7,39,14,4,23,16
The forest has 48 trees. Replanting adds 29 new trees. What is the new count?,77,The batch makes 36 cookies. James eats 34 cookies. How many cookies remain?,2,70,48,29,36,34
The lake contains 30 fish. Stocking adds 20 more fish. What is the new population?,50,The lab has 45 experiments. Emma completes 16 experiments. How many experiments remain?,29,61,30,20,45,16
The lake contains 14 fish. Stocking adds 6 more fish. What is the new population?,20,The lab has 32 experiments. Emma completes 29 experiments. How many experiments remain?,3,61,14,6,32,29
The reserve protects 40 acres. The expansion adds 9 acres. What is the new protected area?,49,The venue seats 34 guests. 27 seats are reserved. How many seats are open?,7,61,40,9,34,27
The reserve protects 34 acres. The expansion adds 10 acres. What is the new protected area?,44,The venue seats 43 guests. 31 seats are reserved. How many seats are open?,12,74,34,10,43,31
The cleanup targets 24 tons of waste. Additional dumping adds 1 tons. What is the new total?,25,The book has 29 pages. Matthew reads 3 pages. How many pages remain?,26,32,24,1,29,3
The cleanup targets 46 tons of waste. Additional dumping adds 9 tons. What is the new total?,55,The book has 20 pages. Matthew reads 16 pages. How many pages remain?,4,36,46,9,20,16
The air quality index shows 11 particles. Pollution adds 9 particles. What is the new measurement?,20,Thomas bakes 47 cookies. Their sibling eats 31 cookies. How many cookies does Thomas have now?,16,78,11,9,47,31
The air quality index shows 17 particles. Pollution adds 14 particles. What is the new measurement?,31,Thomas bakes 48 cookies. Their sibling eats 39 cookies. How many cookies does Thomas have now?,9,87,17,14,48,39
The puzzle has 35 pieces. The deluxe edition adds 24 more pieces. What is the new challenge?,59,The assignment requires 38 pages. Jack writes 16 pages. How much more is needed?,22,54,35,24,38,16
The puzzle has 34 pieces. The deluxe edition adds 2 more pieces. What is the new challenge?,36,The assignment requires 36 pages. Jack writes 33 pages. How much more is needed?,3,69,34,2,36,33
The collection contains 42 coins. An auction adds 25 rare coins. What is the new collection?,67,The treatment requires 32 sessions. Jacob attends 2 sessions. How many sessions remain?,30,34,42,25,32,2
The collection contains 49 coins. An auction adds 2 rare coins. What is the new collection?,51,The treatment requires 25 sessions. Jacob attends 9 sessions. How many sessions remain?,16,34,49,2,25,9
The playlist has 23 songs. New releases add 21 more songs. What is the updated playlist?,44,Sophia owns 39 stuffed animals. They give 22 stuffed animals to a younger sibling. How many stuffed animals does Sophia have now?,17,61,23,21,39,22
The playlist has 22 songs. New releases add 10 more songs. What is the updated playlist?,32,Sophia owns 32 stuffed animals. They give 21 stuffed animals to a younger sibling. How many stuffed animals does Sophia have now?,11,53,22,10,32,21
The gallery displays 32 paintings. A donation adds 9 paintings. What is the new exhibition?,41,The seed packet contains 27 seeds. Michael plants 18 seeds. How many seeds remain?,9,45,32,9,27,18
The gallery displays 24 paintings. A donation adds 2 paintings. What is the new exhibition?,26,The seed packet contains 14 seeds. Michael plants 5 seeds. How many seeds remain?,9,19,24,2,14,5
The book has 26 pages. The special edition includes 11 additional pages. What is the new length?,37,The tournament has 19 rounds. Nora completes 4 rounds. How many rounds remain?,15,23,26,11,19,4
The book has 40 pages. The special edition includes 12 additional pages. What is the new length?,52,The tournament has 48 rounds. Nora completes 28 rounds. How many rounds remain?,20,76,40,12,48,28
